<?xml version="1.0" encoding="UTF-8"?>
<robot generated="20170922 10:47:24.812" generator="Robot 3.0.2 (Python 2.7.11 on win32)">
<suite source="C:\Users\antons\Desktop\Robot\Robot_proj_new\Test_Suite" id="s1" name="Test Suite">
<suite source="C:\Users\antons\Desktop\Robot\Robot_proj_new\Test_Suite\FC_ProductStructures.robot" id="s1-s1" name="FC ProductStructures">
<kw type="setup" name="PLWEB Login" library="plweb_keywords">
<doc>Log in to plweb with all inputs</doc>
<kw name="PLWEB Login as user with username url and password and asset" library="plweb_actions">
<doc>Initialization function for PL Web.</doc>
<arguments>
<arg>${URL}</arg>
<arg>${USER}</arg>
<arg>${PSWD}</arg>
<arg>${ASSETID}</arg>
</arguments>
<msg timestamp="20170922 10:49:07.717" level="ERROR">'WebDriver' object has no attribute 'switch_to'</msg>
<msg timestamp="20170922 10:49:10.749" level="ERROR">'bool' object has no attribute 'text'</msg>
<msg timestamp="20170922 10:49:13.779" level="ERROR">'bool' object has no attribute 'text'</msg>
<msg timestamp="20170922 10:49:13.781" level="ERROR">'WebDriver' object has no attribute 'switch_to'</msg>
<msg timestamp="20170922 10:49:16.822" level="ERROR">'bool' object has no attribute 'text'</msg>
<msg timestamp="20170922 10:49:19.872" level="ERROR">'bool' object has no attribute 'text'</msg>
<msg timestamp="20170922 10:49:19.873" level="ERROR">'WebDriver' object has no attribute 'switch_to'</msg>
<msg timestamp="20170922 10:49:22.926" level="ERROR">'bool' object has no attribute 'text'</msg>
<msg timestamp="20170922 10:49:25.995" level="ERROR">'bool' object has no attribute 'text'</msg>
<status status="PASS" endtime="20170922 10:49:28.246" starttime="20170922 10:47:27.349"></status>
</kw>
<status status="PASS" endtime="20170922 10:49:28.247" starttime="20170922 10:47:27.348"></status>
</kw>
<test id="s1-s1-t1" name="TC 168210 Home Page_004_xP_Fleet view_Group">
<kw name="PLWEB Navigate to Product Structures page" library="plweb_admin_keywords">
<kw name="PLWEB Go to Product Structures" library="plweb_actions">
<doc>Method to navigate to product structures page</doc>
<assign>
<var>${status}</var>
</assign>
<msg timestamp="20170922 10:49:37.266" level="INFO">${status} = None</msg>
<status status="PASS" endtime="20170922 10:49:37.266" starttime="20170922 10:49:28.250"></status>
</kw>
<kw name="Log To Console" library="BuiltIn">
<doc>Logs the given message to the console.</doc>
<arguments>
<arg>${status}</arg>
</arguments>
<status status="PASS" endtime="20170922 10:49:37.266" starttime="20170922 10:49:37.266"></status>
</kw>
<status status="PASS" endtime="20170922 10:49:37.266" starttime="20170922 10:49:28.249"></status>
</kw>
<kw name="PLWEB Create product Structure" library="plweb_admin_keywords">
<assign>
<var>${SNo}</var>
</assign>
<kw name="PLWEB Create A Complex Asset" library="plweb_actions">
<doc>Method to create a complex asset</doc>
<assign>
<var>${Sno}</var>
</assign>
<msg timestamp="20170922 10:50:48.520" level="ERROR">Error while Clicking .//*[@onclick="window.customConfirm.ok()"]</msg>
<msg timestamp="20170922 10:50:48.520" level="ERROR">Error information 'bool' object has no attribute 'click'</msg>
<msg timestamp="20170922 10:51:05.736" level="ERROR">Error while Clicking .//*[@onclick="window.customConfirm.ok()"]</msg>
<msg timestamp="20170922 10:51:05.752" level="ERROR">Error information 'bool' object has no attribute 'click'</msg>
<msg timestamp="20170922 10:51:24.140" level="ERROR">'WebDriver' object has no attribute 'switch_to'</msg>
<msg timestamp="20170922 10:51:27.218" level="ERROR">'bool' object has no attribute 'text'</msg>
<msg timestamp="20170922 10:51:30.256" level="ERROR">'bool' object has no attribute 'text'</msg>
<msg timestamp="20170922 10:51:30.391" level="INFO">${Sno} = paset_10:49</msg>
<status status="PASS" endtime="20170922 10:51:30.391" starttime="20170922 10:49:37.266"></status>
</kw>
<msg timestamp="20170922 10:51:30.391" level="INFO">${SNo} = paset_10:49</msg>
<status status="PASS" endtime="20170922 10:51:30.391" starttime="20170922 10:49:37.266"></status>
</kw>
<kw name="PLWEB Navigate to Groups Page" library="plweb_admin_keywords">
<kw name="PLWEB Go to Groups Page" library="plweb_actions">
<doc>Method to initialize the Product Link Web page.</doc>
<msg timestamp="20170922 10:51:35.282" level="INFO">Initialization of PLWeb is Successful!!</msg>
<status status="PASS" endtime="20170922 10:51:35.283" starttime="20170922 10:51:30.391"></status>
</kw>
<kw name="Log To Console" library="BuiltIn">
<doc>Logs the given message to the console.</doc>
<arguments>
<arg>PLWEB Navigate to Groups Page</arg>
</arguments>
<status status="PASS" endtime="20170922 10:51:35.289" starttime="20170922 10:51:35.284"></status>
</kw>
<status status="PASS" endtime="20170922 10:51:35.290" starttime="20170922 10:51:30.391"></status>
</kw>
<kw name="PLWEB Create a Group" library="plweb_admin_keywords">
<arguments>
<arg>${SNo}</arg>
</arguments>
<assign>
<var>${groupname}</var>
</assign>
<kw name="Create A Group" library="plweb_actions">
<doc>Methods to create a new group in plweb</doc>
<arguments>
<arg>${Sno}</arg>
</arguments>
<assign>
<var>${Groupname}</var>
</assign>
<msg timestamp="20170922 10:52:39.496" level="ERROR">'WebDriver' object has no attribute 'switch_to'</msg>
<msg timestamp="20170922 10:52:42.588" level="ERROR">'bool' object has no attribute 'text'</msg>
<msg timestamp="20170922 10:52:45.632" level="ERROR">'bool' object has no attribute 'text'</msg>
<msg timestamp="20170922 10:52:45.634" level="INFO">${Groupname} = saset_10:51</msg>
<status status="PASS" endtime="20170922 10:52:45.634" starttime="20170922 10:51:35.310"></status>
</kw>
<msg timestamp="20170922 10:52:45.635" level="INFO">${groupname} = saset_10:51</msg>
<status status="PASS" endtime="20170922 10:52:45.635" starttime="20170922 10:51:35.308"></status>
</kw>
<kw name="PLWEB Navigate to Groups Page" library="plweb_admin_keywords">
<kw name="PLWEB Go to Groups Page" library="plweb_actions">
<doc>Method to initialize the Product Link Web page.</doc>
<msg timestamp="20170922 10:52:50.431" level="INFO">Initialization of PLWeb is Successful!!</msg>
<status status="PASS" endtime="20170922 10:52:50.431" starttime="20170922 10:52:45.636"></status>
</kw>
<kw name="Log To Console" library="BuiltIn">
<doc>Logs the given message to the console.</doc>
<arguments>
<arg>PLWEB Navigate to Groups Page</arg>
</arguments>
<status status="PASS" endtime="20170922 10:52:50.434" starttime="20170922 10:52:50.432"></status>
</kw>
<status status="PASS" endtime="20170922 10:52:50.435" starttime="20170922 10:52:45.636"></status>
</kw>
<kw name="PLWEB Verify groups availability" library="plweb_admin_keywords">
<arguments>
<arg>${groupname}</arg>
<arg>${SNo}</arg>
</arguments>
<assign>
<var>${available}</var>
</assign>
<kw name="Verify groups availability" library="plweb_actions">
<doc>methods to confirm the groups level of availability</doc>
<arguments>
<arg>${Groupname}</arg>
<arg>${SerialNumber}</arg>
</arguments>
<assign>
<var>${status}</var>
</assign>
<msg timestamp="20170922 10:53:01.061" level="INFO">${status} = True</msg>
<status status="PASS" endtime="20170922 10:53:01.061" starttime="20170922 10:52:50.439"></status>
</kw>
<msg timestamp="20170922 10:53:01.061" level="INFO">${available} = None</msg>
<status status="PASS" endtime="20170922 10:53:01.061" starttime="20170922 10:52:50.436"></status>
</kw>
<kw name="PLWEB Verify group is editable" library="plweb_admin_keywords">
<arguments>
<arg>${groupname}</arg>
<arg>${SNo}</arg>
</arguments>
<assign>
<var>${editable}</var>
</assign>
<kw name="Verify group is editable" library="plweb_actions">
<doc>methods to confirm the groups level of availability</doc>
<arguments>
<arg>${Groupname}</arg>
<arg>${SerialNumber}</arg>
</arguments>
<assign>
<var>${status}</var>
</assign>
<msg timestamp="20170922 10:53:12.613" level="INFO">${status} = True</msg>
<status status="PASS" endtime="20170922 10:53:12.614" starttime="20170922 10:53:01.061"></status>
</kw>
<msg timestamp="20170922 10:53:12.614" level="INFO">${editable} = None</msg>
<status status="PASS" endtime="20170922 10:53:12.615" starttime="20170922 10:53:01.061"></status>
</kw>
<kw name="PLWEB Verify groups is deletable" library="plweb_admin_keywords">
<arguments>
<arg>${groupname}</arg>
<arg>${SNo}</arg>
</arguments>
<assign>
<var>${deletable}</var>
</assign>
<kw name="Verify groups is deletable" library="plweb_actions">
<doc>methods to confirm the groups level of availability</doc>
<arguments>
<arg>${Groupname}</arg>
<arg>${SerialNumber}</arg>
</arguments>
<assign>
<var>${status}</var>
</assign>
<msg timestamp="20170922 10:53:24.364" level="INFO">${status} = True</msg>
<status status="PASS" endtime="20170922 10:53:24.364" starttime="20170922 10:53:12.617"></status>
</kw>
<msg timestamp="20170922 10:53:24.364" level="INFO">${deletable} = None</msg>
<status status="PASS" endtime="20170922 10:53:24.379" starttime="20170922 10:53:12.616"></status>
</kw>
<kw name="message" library="plweb_admin_keywords">
<arguments>
<arg>${available}</arg>
</arguments>
<kw name="print error messages" library="plweb_actions">
<doc>printing the error message</doc>
<arguments>
<arg>${data}</arg>
</arguments>
<msg timestamp="20170922 10:53:24.379" level="INFO">Failed to log following message properly: (None,)</msg>
<status status="PASS" endtime="20170922 10:53:24.379" starttime="20170922 10:53:24.379"></status>
</kw>
<status status="PASS" endtime="20170922 10:53:24.379" starttime="20170922 10:53:24.379"></status>
</kw>
<kw name="message" library="plweb_admin_keywords">
<arguments>
<arg>${editable}</arg>
</arguments>
<kw name="print error messages" library="plweb_actions">
<doc>printing the error message</doc>
<arguments>
<arg>${data}</arg>
</arguments>
<msg timestamp="20170922 10:53:24.379" level="INFO">Failed to log following message properly: (None,)</msg>
<status status="PASS" endtime="20170922 10:53:24.379" starttime="20170922 10:53:24.379"></status>
</kw>
<status status="PASS" endtime="20170922 10:53:24.379" starttime="20170922 10:53:24.379"></status>
</kw>
<kw name="message" library="plweb_admin_keywords">
<arguments>
<arg>${deletable}</arg>
</arguments>
<kw name="print error messages" library="plweb_actions">
<doc>printing the error message</doc>
<arguments>
<arg>${data}</arg>
</arguments>
<msg timestamp="20170922 10:53:24.379" level="INFO">Failed to log following message properly: (None,)</msg>
<status status="PASS" endtime="20170922 10:53:24.379" starttime="20170922 10:53:24.379"></status>
</kw>
<status status="PASS" endtime="20170922 10:53:24.379" starttime="20170922 10:53:24.379"></status>
</kw>
<kw name="message" library="plweb_admin_keywords">
<arguments>
<arg>print live</arg>
</arguments>
<kw name="print error messages" library="plweb_actions">
<doc>printing the error message</doc>
<arguments>
<arg>${data}</arg>
</arguments>
<msg timestamp="20170922 10:53:24.395" level="INFO">Failed to log following message properly: (u'print live',)</msg>
<status status="PASS" endtime="20170922 10:53:24.395" starttime="20170922 10:53:24.395"></status>
</kw>
<status status="PASS" endtime="20170922 10:53:24.395" starttime="20170922 10:53:24.395"></status>
</kw>
<tags>
<tag>168210</tag>
<tag>plweb</tag>
</tags>
<status status="PASS" endtime="20170922 10:53:24.395" critical="yes" starttime="20170922 10:49:28.247"></status>
</test>
<kw type="teardown" name="PLWEB Close windows" library="plweb_keywords">
<kw name="Close Plweb" library="plweb_actions">
<status status="PASS" endtime="20170922 10:53:57.526" starttime="20170922 10:53:24.395"></status>
</kw>
<status status="PASS" endtime="20170922 10:53:57.527" starttime="20170922 10:53:24.395"></status>
</kw>
<doc>For Running Assets</doc>
<status status="PASS" endtime="20170922 10:53:57.528" starttime="20170922 10:47:26.006"></status>
</suite>
<status status="PASS" endtime="20170922 10:53:57.535" starttime="20170922 10:47:25.925"></status>
</suite>
<statistics>
<total>
<stat fail="0" pass="1">Critical Tests</stat>
<stat fail="0" pass="1">All Tests</stat>
</total>
<tag>
<stat fail="0" pass="1">168210</stat>
<stat fail="0" pass="1">plweb</stat>
</tag>
<suite>
<stat fail="0" id="s1" name="Test Suite" pass="1">Test Suite</stat>
<stat fail="0" id="s1-s1" name="FC ProductStructures" pass="1">Test Suite.FC ProductStructures</stat>
</suite>
</statistics>
<errors>
<msg timestamp="20170922 10:49:07.717" level="ERROR">'WebDriver' object has no attribute 'switch_to'</msg>
<msg timestamp="20170922 10:49:10.749" level="ERROR">'bool' object has no attribute 'text'</msg>
<msg timestamp="20170922 10:49:13.779" level="ERROR">'bool' object has no attribute 'text'</msg>
<msg timestamp="20170922 10:49:13.781" level="ERROR">'WebDriver' object has no attribute 'switch_to'</msg>
<msg timestamp="20170922 10:49:16.822" level="ERROR">'bool' object has no attribute 'text'</msg>
<msg timestamp="20170922 10:49:19.872" level="ERROR">'bool' object has no attribute 'text'</msg>
<msg timestamp="20170922 10:49:19.873" level="ERROR">'WebDriver' object has no attribute 'switch_to'</msg>
<msg timestamp="20170922 10:49:22.926" level="ERROR">'bool' object has no attribute 'text'</msg>
<msg timestamp="20170922 10:49:25.995" level="ERROR">'bool' object has no attribute 'text'</msg>
<msg timestamp="20170922 10:50:48.520" level="ERROR">Error while Clicking .//*[@onclick="window.customConfirm.ok()"]</msg>
<msg timestamp="20170922 10:50:48.520" level="ERROR">Error information 'bool' object has no attribute 'click'</msg>
<msg timestamp="20170922 10:51:05.736" level="ERROR">Error while Clicking .//*[@onclick="window.customConfirm.ok()"]</msg>
<msg timestamp="20170922 10:51:05.752" level="ERROR">Error information 'bool' object has no attribute 'click'</msg>
<msg timestamp="20170922 10:51:24.140" level="ERROR">'WebDriver' object has no attribute 'switch_to'</msg>
<msg timestamp="20170922 10:51:27.218" level="ERROR">'bool' object has no attribute 'text'</msg>
<msg timestamp="20170922 10:51:30.256" level="ERROR">'bool' object has no attribute 'text'</msg>
<msg timestamp="20170922 10:52:39.496" level="ERROR">'WebDriver' object has no attribute 'switch_to'</msg>
<msg timestamp="20170922 10:52:42.588" level="ERROR">'bool' object has no attribute 'text'</msg>
<msg timestamp="20170922 10:52:45.632" level="ERROR">'bool' object has no attribute 'text'</msg>
</errors>
</robot>
