<?xml version="1.0" encoding="UTF-8"?>
<robot generated="20170925 19:17:19.163" generator="Robot 3.0.2 (Python 2.7.11 on win32)">
<suite source="C:\Users\antons\Desktop\Robot\Solomon\Robot_proj_solomon\Test_Suite" id="s1" name="Test Suite">
<suite source="C:\Users\antons\Desktop\Robot\Solomon\Robot_proj_solomon\Test_Suite\FC_ProductStructures.robot" id="s1-s1" name="FC ProductStructures">
<kw type="setup" name="PLWEB Login" library="plweb_keywords">
<doc>Log in to plweb with all inputs</doc>
<kw name="PLWEB Login as user with username url and password and asset" library="plweb_actions">
<doc>Initialization function for PL Web.</doc>
<arguments>
<arg>${URL}</arg>
<arg>${USER}</arg>
<arg>${PSWD}</arg>
<arg>${ASSETID}</arg>
</arguments>
<msg timestamp="20170925 19:18:50.531" level="ERROR">'WebDriver' object has no attribute 'switch_to'</msg>
<msg timestamp="20170925 19:18:53.607" level="ERROR">'bool' object has no attribute 'text'</msg>
<msg timestamp="20170925 19:18:56.682" level="ERROR">'bool' object has no attribute 'text'</msg>
<msg timestamp="20170925 19:18:56.683" level="ERROR">'WebDriver' object has no attribute 'switch_to'</msg>
<msg timestamp="20170925 19:18:59.704" level="ERROR">'bool' object has no attribute 'text'</msg>
<msg timestamp="20170925 19:19:02.724" level="ERROR">'bool' object has no attribute 'text'</msg>
<msg timestamp="20170925 19:19:02.724" level="ERROR">'WebDriver' object has no attribute 'switch_to'</msg>
<msg timestamp="20170925 19:19:05.745" level="ERROR">'bool' object has no attribute 'text'</msg>
<msg timestamp="20170925 19:19:08.765" level="ERROR">'bool' object has no attribute 'text'</msg>
<status status="PASS" endtime="20170925 19:19:10.997" starttime="20170925 19:17:21.651"></status>
</kw>
<status status="PASS" endtime="20170925 19:19:10.998" starttime="20170925 19:17:21.650"></status>
</kw>
<test id="s1-s1-t1" name="TC 168210 Home Page_004_xP_Fleet view_Group">
<kw name="PLWEB Navigate to Product Structures page" library="plweb_admin_keywords">
<kw name="PLWEB Go to Product Structures" library="plweb_actions">
<doc>Method to navigate to product structures page</doc>
<assign>
<var>${status}</var>
</assign>
<msg timestamp="20170925 19:19:19.810" level="INFO">${status} = None</msg>
<status status="PASS" endtime="20170925 19:19:19.810" starttime="20170925 19:19:11.000"></status>
</kw>
<kw name="Log To Console" library="BuiltIn">
<doc>Logs the given message to the console.</doc>
<arguments>
<arg>${status}</arg>
</arguments>
<status status="PASS" endtime="20170925 19:19:19.811" starttime="20170925 19:19:19.811"></status>
</kw>
<status status="PASS" endtime="20170925 19:19:19.812" starttime="20170925 19:19:11.000"></status>
</kw>
<kw name="PLWEB Create product Structure" library="plweb_admin_keywords">
<assign>
<var>${SNo}</var>
</assign>
<kw name="PLWEB Create A Complex Asset" library="plweb_actions">
<doc>Method to create a complex asset</doc>
<assign>
<var>${Sno}</var>
<var>${status}</var>
</assign>
<msg timestamp="20170925 19:20:27.118" level="ERROR">Error while Clicking .//*[@onclick="window.customConfirm.ok()"]</msg>
<msg timestamp="20170925 19:20:27.119" level="ERROR">Error information 'bool' object has no attribute 'click'</msg>
<msg timestamp="20170925 19:20:44.023" level="ERROR">Error while Clicking .//*[@onclick="window.customConfirm.ok()"]</msg>
<msg timestamp="20170925 19:20:44.024" level="ERROR">Error information 'bool' object has no attribute 'click'</msg>
<msg timestamp="20170925 19:21:23.114" level="ERROR">'WebDriver' object has no attribute 'switch_to'</msg>
<msg timestamp="20170925 19:21:26.166" level="ERROR">'bool' object has no attribute 'text'</msg>
<msg timestamp="20170925 19:21:29.210" level="ERROR">'bool' object has no attribute 'text'</msg>
<msg timestamp="20170925 19:21:29.308" level="INFO">${Sno} = paset_19:19</msg>
<msg timestamp="20170925 19:21:29.308" level="INFO">${status} = True</msg>
<status status="PASS" endtime="20170925 19:21:29.308" starttime="20170925 19:19:19.813"></status>
</kw>
<msg timestamp="20170925 19:21:29.309" level="INFO">${SNo} = paset_19:19</msg>
<status status="PASS" endtime="20170925 19:21:29.309" starttime="20170925 19:19:19.812"></status>
</kw>
<kw name="PLWEB Navigate to Groups Page" library="plweb_admin_keywords">
<kw name="PLWEB Go to Groups Page" library="plweb_actions">
<doc>Method to initialize the Product Link Web page.</doc>
<msg timestamp="20170925 19:21:34.024" level="INFO">Initialization of PLWeb is Successful!!</msg>
<status status="PASS" endtime="20170925 19:21:34.024" starttime="20170925 19:21:29.310"></status>
</kw>
<kw name="Log To Console" library="BuiltIn">
<doc>Logs the given message to the console.</doc>
<arguments>
<arg>PLWEB Navigate to Groups Page</arg>
</arguments>
<status status="PASS" endtime="20170925 19:21:34.027" starttime="20170925 19:21:34.026"></status>
</kw>
<status status="PASS" endtime="20170925 19:21:34.028" starttime="20170925 19:21:29.310"></status>
</kw>
<kw name="PLWEB Create Admin Group" library="plweb_admin_keywords">
<arguments>
<arg>${SNo}</arg>
</arguments>
<assign>
<var>${groupname}</var>
</assign>
<kw name="Create Admin Groups" library="plweb_actions">
<doc>Methods to create a new group in plweb</doc>
<arguments>
<arg>${Sno}</arg>
</arguments>
<assign>
<var>${Groupname}</var>
</assign>
<msg timestamp="20170925 19:22:38.249" level="ERROR">'WebDriver' object has no attribute 'switch_to'</msg>
<msg timestamp="20170925 19:22:41.308" level="ERROR">'bool' object has no attribute 'text'</msg>
<msg timestamp="20170925 19:22:44.349" level="ERROR">'bool' object has no attribute 'text'</msg>
<msg timestamp="20170925 19:22:44.349" level="INFO">${Groupname} = saset_19:21</msg>
<status status="PASS" endtime="20170925 19:22:44.350" starttime="20170925 19:21:34.030"></status>
</kw>
<msg timestamp="20170925 19:22:44.350" level="INFO">${groupname} = saset_19:21</msg>
<status status="PASS" endtime="20170925 19:22:44.350" starttime="20170925 19:21:34.028"></status>
</kw>
<kw name="PLWEB Navigate to Groups Page" library="plweb_admin_keywords">
<kw name="PLWEB Go to Groups Page" library="plweb_actions">
<doc>Method to initialize the Product Link Web page.</doc>
<msg timestamp="20170925 19:22:48.899" level="INFO">Initialization of PLWeb is Successful!!</msg>
<status status="PASS" endtime="20170925 19:22:48.900" starttime="20170925 19:22:44.352"></status>
</kw>
<kw name="Log To Console" library="BuiltIn">
<doc>Logs the given message to the console.</doc>
<arguments>
<arg>PLWEB Navigate to Groups Page</arg>
</arguments>
<status status="PASS" endtime="20170925 19:22:48.902" starttime="20170925 19:22:48.901"></status>
</kw>
<status status="PASS" endtime="20170925 19:22:48.903" starttime="20170925 19:22:44.351"></status>
</kw>
<kw name="PLWEB Verify groups availability" library="plweb_admin_keywords">
<arguments>
<arg>${groupname}</arg>
<arg>${SNo}</arg>
</arguments>
<assign>
<var>${available}</var>
</assign>
<kw name="Verify groups availability" library="plweb_actions">
<doc>methods to confirm the groups level of availability</doc>
<arguments>
<arg>${Groupname}</arg>
<arg>${SerialNumber}</arg>
</arguments>
<assign>
<var>${status}</var>
</assign>
<msg timestamp="20170925 19:22:59.216" level="INFO">${status} = Available</msg>
<status status="PASS" endtime="20170925 19:22:59.216" starttime="20170925 19:22:48.905"></status>
</kw>
<msg timestamp="20170925 19:22:59.217" level="INFO">${available} = Available</msg>
<status status="PASS" endtime="20170925 19:22:59.217" starttime="20170925 19:22:48.903"></status>
</kw>
<kw name="PLWEB Verify group is editable" library="plweb_admin_keywords">
<arguments>
<arg>${groupname}</arg>
<arg>${SNo}</arg>
</arguments>
<assign>
<var>${editable}</var>
</assign>
<kw name="Verify group is editable" library="plweb_actions">
<doc>methods to confirm the groups level of availability</doc>
<arguments>
<arg>${Groupname}</arg>
<arg>${SerialNumber}</arg>
</arguments>
<assign>
<var>${status}</var>
</assign>
<msg timestamp="20170925 19:23:10.645" level="INFO">${status} = Editable</msg>
<status status="PASS" endtime="20170925 19:23:10.645" starttime="20170925 19:22:59.219"></status>
</kw>
<msg timestamp="20170925 19:23:10.646" level="INFO">${editable} = Editable</msg>
<status status="PASS" endtime="20170925 19:23:10.646" starttime="20170925 19:22:59.218"></status>
</kw>
<kw name="PLWEB Verify group is deletable" library="plweb_admin_keywords">
<arguments>
<arg>${groupname}</arg>
<arg>${SNo}</arg>
</arguments>
<assign>
<var>${deletable}</var>
</assign>
<kw name="Verify group is deletable" library="plweb_actions">
<doc>methods to confirm the groups level of availability</doc>
<arguments>
<arg>${Groupname}</arg>
<arg>${SerialNumber}</arg>
</arguments>
<assign>
<var>${status}</var>
</assign>
<msg timestamp="20170925 19:23:22.118" level="INFO">${status} = Deletable</msg>
<status status="PASS" endtime="20170925 19:23:22.118" starttime="20170925 19:23:10.648"></status>
</kw>
<msg timestamp="20170925 19:23:22.119" level="INFO">${deletable} = Deletable</msg>
<status status="PASS" endtime="20170925 19:23:22.119" starttime="20170925 19:23:10.647"></status>
</kw>
<kw name="Print Message" library="plweb_admin_keywords">
<arguments>
<arg>${available}</arg>
</arguments>
<kw name="Log To Console" library="BuiltIn">
<doc>Logs the given message to the console.</doc>
<arguments>
<arg>${message}</arg>
</arguments>
<status status="PASS" endtime="20170925 19:23:22.121" starttime="20170925 19:23:22.120"></status>
</kw>
<status status="PASS" endtime="20170925 19:23:22.122" starttime="20170925 19:23:22.120"></status>
</kw>
<kw name="Print Message" library="plweb_admin_keywords">
<arguments>
<arg>${editable}</arg>
</arguments>
<kw name="Log To Console" library="BuiltIn">
<doc>Logs the given message to the console.</doc>
<arguments>
<arg>${message}</arg>
</arguments>
<status status="PASS" endtime="20170925 19:23:22.124" starttime="20170925 19:23:22.123"></status>
</kw>
<status status="PASS" endtime="20170925 19:23:22.124" starttime="20170925 19:23:22.122"></status>
</kw>
<kw name="Print Message" library="plweb_admin_keywords">
<arguments>
<arg>${deletable}</arg>
</arguments>
<kw name="Log To Console" library="BuiltIn">
<doc>Logs the given message to the console.</doc>
<arguments>
<arg>${message}</arg>
</arguments>
<status status="PASS" endtime="20170925 19:23:22.126" starttime="20170925 19:23:22.126"></status>
</kw>
<status status="PASS" endtime="20170925 19:23:22.127" starttime="20170925 19:23:22.125"></status>
</kw>
<kw name="Log To Console" library="BuiltIn">
<doc>Logs the given message to the console.</doc>
<arguments>
<arg>print live</arg>
</arguments>
<status status="PASS" endtime="20170925 19:23:22.128" starttime="20170925 19:23:22.127"></status>
</kw>
<tags>
<tag>168210</tag>
<tag>plweb</tag>
</tags>
<status status="PASS" endtime="20170925 19:23:22.128" critical="yes" starttime="20170925 19:19:10.998"></status>
</test>
<kw type="teardown" name="PLWEB Close windows" library="plweb_keywords">
<kw name="Close Plweb" library="plweb_actions">
<status status="PASS" endtime="20170925 19:23:57.556" starttime="20170925 19:23:22.130"></status>
</kw>
<status status="PASS" endtime="20170925 19:23:57.556" starttime="20170925 19:23:22.130"></status>
</kw>
<doc>For Running Assets</doc>
<status status="PASS" endtime="20170925 19:23:57.557" starttime="20170925 19:17:20.329"></status>
</suite>
<status status="PASS" endtime="20170925 19:23:57.560" starttime="20170925 19:17:20.259"></status>
</suite>
<statistics>
<total>
<stat fail="0" pass="1">Critical Tests</stat>
<stat fail="0" pass="1">All Tests</stat>
</total>
<tag>
<stat fail="0" pass="1">168210</stat>
<stat fail="0" pass="1">plweb</stat>
</tag>
<suite>
<stat fail="0" id="s1" name="Test Suite" pass="1">Test Suite</stat>
<stat fail="0" id="s1-s1" name="FC ProductStructures" pass="1">Test Suite.FC ProductStructures</stat>
</suite>
</statistics>
<errors>
<msg timestamp="20170925 19:18:50.531" level="ERROR">'WebDriver' object has no attribute 'switch_to'</msg>
<msg timestamp="20170925 19:18:53.607" level="ERROR">'bool' object has no attribute 'text'</msg>
<msg timestamp="20170925 19:18:56.682" level="ERROR">'bool' object has no attribute 'text'</msg>
<msg timestamp="20170925 19:18:56.683" level="ERROR">'WebDriver' object has no attribute 'switch_to'</msg>
<msg timestamp="20170925 19:18:59.704" level="ERROR">'bool' object has no attribute 'text'</msg>
<msg timestamp="20170925 19:19:02.724" level="ERROR">'bool' object has no attribute 'text'</msg>
<msg timestamp="20170925 19:19:02.724" level="ERROR">'WebDriver' object has no attribute 'switch_to'</msg>
<msg timestamp="20170925 19:19:05.745" level="ERROR">'bool' object has no attribute 'text'</msg>
<msg timestamp="20170925 19:19:08.765" level="ERROR">'bool' object has no attribute 'text'</msg>
<msg timestamp="20170925 19:20:27.118" level="ERROR">Error while Clicking .//*[@onclick="window.customConfirm.ok()"]</msg>
<msg timestamp="20170925 19:20:27.119" level="ERROR">Error information 'bool' object has no attribute 'click'</msg>
<msg timestamp="20170925 19:20:44.023" level="ERROR">Error while Clicking .//*[@onclick="window.customConfirm.ok()"]</msg>
<msg timestamp="20170925 19:20:44.024" level="ERROR">Error information 'bool' object has no attribute 'click'</msg>
<msg timestamp="20170925 19:21:23.114" level="ERROR">'WebDriver' object has no attribute 'switch_to'</msg>
<msg timestamp="20170925 19:21:26.166" level="ERROR">'bool' object has no attribute 'text'</msg>
<msg timestamp="20170925 19:21:29.210" level="ERROR">'bool' object has no attribute 'text'</msg>
<msg timestamp="20170925 19:22:38.249" level="ERROR">'WebDriver' object has no attribute 'switch_to'</msg>
<msg timestamp="20170925 19:22:41.308" level="ERROR">'bool' object has no attribute 'text'</msg>
<msg timestamp="20170925 19:22:44.349" level="ERROR">'bool' object has no attribute 'text'</msg>
</errors>
</robot>
