<?xml version="1.0" encoding="UTF-8"?>
<robot generated="20170925 19:04:56.412" generator="Robot 3.0.2 (Python 2.7.11 on win32)">
<suite source="C:\Users\antons\Desktop\Robot\Solomon\Robot_proj_solomon\Test_Suite" id="s1" name="Test Suite">
<suite source="C:\Users\antons\Desktop\Robot\Solomon\Robot_proj_solomon\Test_Suite\FC_ProductStructures.robot" id="s1-s1" name="FC ProductStructures">
<kw type="setup" name="PLWEB Login" library="plweb_keywords">
<doc>Log in to plweb with all inputs</doc>
<kw name="PLWEB Login as user with username url and password and asset" library="plweb_actions">
<doc>Initialization function for PL Web.</doc>
<arguments>
<arg>${URL}</arg>
<arg>${USER}</arg>
<arg>${PSWD}</arg>
<arg>${ASSETID}</arg>
</arguments>
<msg timestamp="20170925 19:06:27.646" level="ERROR">'WebDriver' object has no attribute 'switch_to'</msg>
<msg timestamp="20170925 19:06:30.697" level="ERROR">'bool' object has no attribute 'text'</msg>
<msg timestamp="20170925 19:06:33.755" level="ERROR">'bool' object has no attribute 'text'</msg>
<msg timestamp="20170925 19:06:33.756" level="ERROR">'WebDriver' object has no attribute 'switch_to'</msg>
<msg timestamp="20170925 19:06:36.836" level="ERROR">'bool' object has no attribute 'text'</msg>
<msg timestamp="20170925 19:06:39.911" level="ERROR">'bool' object has no attribute 'text'</msg>
<msg timestamp="20170925 19:06:39.912" level="ERROR">'WebDriver' object has no attribute 'switch_to'</msg>
<msg timestamp="20170925 19:06:42.988" level="ERROR">'bool' object has no attribute 'text'</msg>
<msg timestamp="20170925 19:06:46.029" level="ERROR">'bool' object has no attribute 'text'</msg>
<status status="PASS" endtime="20170925 19:07:48.216" starttime="20170925 19:04:58.900"></status>
</kw>
<status status="PASS" endtime="20170925 19:07:48.217" starttime="20170925 19:04:58.900"></status>
</kw>
<test id="s1-s1-t1" name="TC 168210 Home Page_004_xP_Fleet view_Group">
<kw name="PLWEB Navigate to Product Structures page" library="plweb_admin_keywords">
<kw name="PLWEB Go to Product Structures" library="plweb_actions">
<doc>Method to navigate to product structures page</doc>
<assign>
<var>${status}</var>
</assign>
<msg timestamp="20170925 19:07:57.017" level="INFO">${status} = None</msg>
<status status="PASS" endtime="20170925 19:07:57.017" starttime="20170925 19:07:48.219"></status>
</kw>
<kw name="Log To Console" library="BuiltIn">
<doc>Logs the given message to the console.</doc>
<arguments>
<arg>${status}</arg>
</arguments>
<status status="PASS" endtime="20170925 19:07:57.019" starttime="20170925 19:07:57.018"></status>
</kw>
<status status="PASS" endtime="20170925 19:07:57.019" starttime="20170925 19:07:48.219"></status>
</kw>
<kw name="PLWEB Create product Structure" library="plweb_admin_keywords">
<assign>
<var>${SNo}</var>
</assign>
<kw name="PLWEB Create A Complex Asset" library="plweb_actions">
<doc>Method to create a complex asset</doc>
<assign>
<var>${Sno}</var>
<var>${status}</var>
</assign>
<msg timestamp="20170925 19:09:04.445" level="ERROR">Error while Clicking .//*[@onclick="window.customConfirm.ok()"]</msg>
<msg timestamp="20170925 19:09:04.445" level="ERROR">Error information 'bool' object has no attribute 'click'</msg>
<msg timestamp="20170925 19:09:21.307" level="ERROR">Error while Clicking .//*[@onclick="window.customConfirm.ok()"]</msg>
<msg timestamp="20170925 19:09:21.308" level="ERROR">Error information 'bool' object has no attribute 'click'</msg>
<msg timestamp="20170925 19:10:00.474" level="ERROR">'WebDriver' object has no attribute 'switch_to'</msg>
<msg timestamp="20170925 19:10:03.506" level="ERROR">'bool' object has no attribute 'text'</msg>
<msg timestamp="20170925 19:10:06.548" level="ERROR">'bool' object has no attribute 'text'</msg>
<msg timestamp="20170925 19:10:06.648" level="INFO">${Sno} = paset_19:07</msg>
<msg timestamp="20170925 19:10:06.649" level="INFO">${status} = True</msg>
<status status="PASS" endtime="20170925 19:10:06.649" starttime="20170925 19:07:57.020"></status>
</kw>
<msg timestamp="20170925 19:10:06.649" level="INFO">${SNo} = paset_19:07</msg>
<status status="PASS" endtime="20170925 19:10:06.650" starttime="20170925 19:07:57.020"></status>
</kw>
<kw name="PLWEB Navigate to Groups Page" library="plweb_admin_keywords">
<kw name="PLWEB Go to Groups Page" library="plweb_actions">
<doc>Method to initialize the Product Link Web page.</doc>
<msg timestamp="20170925 19:10:11.334" level="INFO">Initialization of PLWeb is Successful!!</msg>
<status status="PASS" endtime="20170925 19:10:11.335" starttime="20170925 19:10:06.651"></status>
</kw>
<kw name="Log To Console" library="BuiltIn">
<doc>Logs the given message to the console.</doc>
<arguments>
<arg>PLWEB Navigate to Groups Page</arg>
</arguments>
<status status="PASS" endtime="20170925 19:10:11.336" starttime="20170925 19:10:11.336"></status>
</kw>
<status status="PASS" endtime="20170925 19:10:11.337" starttime="20170925 19:10:06.650"></status>
</kw>
<kw name="PLWEB Create Admin Group" library="plweb_admin_keywords">
<arguments>
<arg>${SNo}</arg>
</arguments>
<assign>
<var>${groupname}</var>
</assign>
<kw name="Create Admin Groups" library="plweb_actions">
<doc>Methods to create a new group in plweb</doc>
<arguments>
<arg>${Sno}</arg>
</arguments>
<assign>
<var>${Groupname}</var>
</assign>
<msg timestamp="20170925 19:11:15.760" level="ERROR">'WebDriver' object has no attribute 'switch_to'</msg>
<msg timestamp="20170925 19:11:18.783" level="ERROR">'bool' object has no attribute 'text'</msg>
<msg timestamp="20170925 19:11:21.807" level="ERROR">'bool' object has no attribute 'text'</msg>
<msg timestamp="20170925 19:11:21.808" level="INFO">${Groupname} = saset_19:10</msg>
<status status="PASS" endtime="20170925 19:11:21.808" starttime="20170925 19:10:11.338"></status>
</kw>
<msg timestamp="20170925 19:11:21.809" level="INFO">${groupname} = saset_19:10</msg>
<status status="PASS" endtime="20170925 19:11:21.809" starttime="20170925 19:10:11.337"></status>
</kw>
<kw name="PLWEB Navigate to Groups Page" library="plweb_admin_keywords">
<kw name="PLWEB Go to Groups Page" library="plweb_actions">
<doc>Method to initialize the Product Link Web page.</doc>
<msg timestamp="20170925 19:11:26.379" level="INFO">Initialization of PLWeb is Successful!!</msg>
<status status="PASS" endtime="20170925 19:11:26.379" starttime="20170925 19:11:21.810"></status>
</kw>
<kw name="Log To Console" library="BuiltIn">
<doc>Logs the given message to the console.</doc>
<arguments>
<arg>PLWEB Navigate to Groups Page</arg>
</arguments>
<status status="PASS" endtime="20170925 19:11:26.381" starttime="20170925 19:11:26.380"></status>
</kw>
<status status="PASS" endtime="20170925 19:11:26.382" starttime="20170925 19:11:21.810"></status>
</kw>
<kw name="PLWEB Verify groups availability" library="plweb_admin_keywords">
<arguments>
<arg>${groupname}</arg>
<arg>${SNo}</arg>
</arguments>
<assign>
<var>${available}</var>
</assign>
<kw name="Verify groups availability" library="plweb_actions">
<doc>methods to confirm the groups level of availability</doc>
<arguments>
<arg>${Groupname}</arg>
<arg>${SerialNumber}</arg>
</arguments>
<assign>
<var>${status}</var>
</assign>
<msg timestamp="20170925 19:11:36.651" level="INFO">${status} = True</msg>
<status status="PASS" endtime="20170925 19:11:36.651" starttime="20170925 19:11:26.383"></status>
</kw>
<msg timestamp="20170925 19:11:36.652" level="INFO">${available} = True</msg>
<status status="PASS" endtime="20170925 19:11:36.652" starttime="20170925 19:11:26.382"></status>
</kw>
<kw name="PLWEB Verify group is editable" library="plweb_admin_keywords">
<arguments>
<arg>${groupname}</arg>
<arg>${SNo}</arg>
</arguments>
<assign>
<var>${editable}</var>
</assign>
<kw name="Verify group is editable" library="plweb_actions">
<doc>methods to confirm the groups level of availability</doc>
<arguments>
<arg>${Groupname}</arg>
<arg>${SerialNumber}</arg>
</arguments>
<assign>
<var>${status}</var>
</assign>
<msg timestamp="20170925 19:11:48.118" level="INFO">${status} = True</msg>
<status status="PASS" endtime="20170925 19:11:48.119" starttime="20170925 19:11:36.653"></status>
</kw>
<msg timestamp="20170925 19:11:48.119" level="INFO">${editable} = True</msg>
<status status="PASS" endtime="20170925 19:11:48.119" starttime="20170925 19:11:36.652"></status>
</kw>
<kw name="PLWEB Verify group is deletable" library="plweb_admin_keywords">
<arguments>
<arg>${groupname}</arg>
<arg>${SNo}</arg>
</arguments>
<assign>
<var>${deletable}</var>
</assign>
<kw name="Verify group is deletable" library="plweb_actions">
<doc>methods to confirm the groups level of availability</doc>
<arguments>
<arg>${Groupname}</arg>
<arg>${SerialNumber}</arg>
</arguments>
<assign>
<var>${status}</var>
</assign>
<msg timestamp="20170925 19:11:59.390" level="INFO">${status} = True</msg>
<status status="PASS" endtime="20170925 19:11:59.390" starttime="20170925 19:11:48.121"></status>
</kw>
<msg timestamp="20170925 19:11:59.391" level="INFO">${deletable} = True</msg>
<status status="PASS" endtime="20170925 19:11:59.391" starttime="20170925 19:11:48.120"></status>
</kw>
<kw name="Print Message" library="plweb_admin_keywords">
<arguments>
<arg>${available}</arg>
</arguments>
<kw name="Log To Console" library="BuiltIn">
<doc>Logs the given message to the console.</doc>
<arguments>
<arg>${message}</arg>
</arguments>
<status status="PASS" endtime="20170925 19:11:59.394" starttime="20170925 19:11:59.393"></status>
</kw>
<status status="PASS" endtime="20170925 19:11:59.394" starttime="20170925 19:11:59.392"></status>
</kw>
<kw name="Print Message" library="plweb_admin_keywords">
<arguments>
<arg>${editable}</arg>
</arguments>
<kw name="Log To Console" library="BuiltIn">
<doc>Logs the given message to the console.</doc>
<arguments>
<arg>${message}</arg>
</arguments>
<status status="PASS" endtime="20170925 19:11:59.396" starttime="20170925 19:11:59.395"></status>
</kw>
<status status="PASS" endtime="20170925 19:11:59.397" starttime="20170925 19:11:59.395"></status>
</kw>
<kw name="Print Message" library="plweb_admin_keywords">
<arguments>
<arg>${deletable}</arg>
</arguments>
<kw name="Log To Console" library="BuiltIn">
<doc>Logs the given message to the console.</doc>
<arguments>
<arg>${message}</arg>
</arguments>
<status status="PASS" endtime="20170925 19:11:59.399" starttime="20170925 19:11:59.398"></status>
</kw>
<status status="PASS" endtime="20170925 19:11:59.399" starttime="20170925 19:11:59.397"></status>
</kw>
<kw name="Log To Console" library="BuiltIn">
<doc>Logs the given message to the console.</doc>
<arguments>
<arg>print live</arg>
</arguments>
<status status="PASS" endtime="20170925 19:11:59.400" starttime="20170925 19:11:59.400"></status>
</kw>
<tags>
<tag>168210</tag>
<tag>plweb</tag>
</tags>
<status status="PASS" endtime="20170925 19:11:59.401" critical="yes" starttime="20170925 19:07:48.217"></status>
</test>
<kw type="teardown" name="PLWEB Close windows" library="plweb_keywords">
<kw name="Close Plweb" library="plweb_actions">
<status status="PASS" endtime="20170925 19:12:34.305" starttime="20170925 19:11:59.403"></status>
</kw>
<status status="PASS" endtime="20170925 19:12:34.306" starttime="20170925 19:11:59.402"></status>
</kw>
<doc>For Running Assets</doc>
<status status="PASS" endtime="20170925 19:12:34.306" starttime="20170925 19:04:57.585"></status>
</suite>
<status status="PASS" endtime="20170925 19:12:34.309" starttime="20170925 19:04:57.514"></status>
</suite>
<statistics>
<total>
<stat fail="0" pass="1">Critical Tests</stat>
<stat fail="0" pass="1">All Tests</stat>
</total>
<tag>
<stat fail="0" pass="1">168210</stat>
<stat fail="0" pass="1">plweb</stat>
</tag>
<suite>
<stat fail="0" id="s1" name="Test Suite" pass="1">Test Suite</stat>
<stat fail="0" id="s1-s1" name="FC ProductStructures" pass="1">Test Suite.FC ProductStructures</stat>
</suite>
</statistics>
<errors>
<msg timestamp="20170925 19:06:27.646" level="ERROR">'WebDriver' object has no attribute 'switch_to'</msg>
<msg timestamp="20170925 19:06:30.697" level="ERROR">'bool' object has no attribute 'text'</msg>
<msg timestamp="20170925 19:06:33.755" level="ERROR">'bool' object has no attribute 'text'</msg>
<msg timestamp="20170925 19:06:33.756" level="ERROR">'WebDriver' object has no attribute 'switch_to'</msg>
<msg timestamp="20170925 19:06:36.836" level="ERROR">'bool' object has no attribute 'text'</msg>
<msg timestamp="20170925 19:06:39.911" level="ERROR">'bool' object has no attribute 'text'</msg>
<msg timestamp="20170925 19:06:39.912" level="ERROR">'WebDriver' object has no attribute 'switch_to'</msg>
<msg timestamp="20170925 19:06:42.988" level="ERROR">'bool' object has no attribute 'text'</msg>
<msg timestamp="20170925 19:06:46.029" level="ERROR">'bool' object has no attribute 'text'</msg>
<msg timestamp="20170925 19:09:04.445" level="ERROR">Error while Clicking .//*[@onclick="window.customConfirm.ok()"]</msg>
<msg timestamp="20170925 19:09:04.445" level="ERROR">Error information 'bool' object has no attribute 'click'</msg>
<msg timestamp="20170925 19:09:21.307" level="ERROR">Error while Clicking .//*[@onclick="window.customConfirm.ok()"]</msg>
<msg timestamp="20170925 19:09:21.308" level="ERROR">Error information 'bool' object has no attribute 'click'</msg>
<msg timestamp="20170925 19:10:00.474" level="ERROR">'WebDriver' object has no attribute 'switch_to'</msg>
<msg timestamp="20170925 19:10:03.506" level="ERROR">'bool' object has no attribute 'text'</msg>
<msg timestamp="20170925 19:10:06.548" level="ERROR">'bool' object has no attribute 'text'</msg>
<msg timestamp="20170925 19:11:15.760" level="ERROR">'WebDriver' object has no attribute 'switch_to'</msg>
<msg timestamp="20170925 19:11:18.783" level="ERROR">'bool' object has no attribute 'text'</msg>
<msg timestamp="20170925 19:11:21.807" level="ERROR">'bool' object has no attribute 'text'</msg>
</errors>
</robot>
