<?xml version="1.0" encoding="UTF-8"?>
<robot generated="20170925 18:20:01.410" generator="Robot 3.0.2 (Python 2.7.11 on win32)">
<suite source="C:\Users\antons\Desktop\Robot\Solomon\Robot_proj_solomon\Test_Suite" id="s1" name="Test Suite">
<suite source="C:\Users\antons\Desktop\Robot\Solomon\Robot_proj_solomon\Test_Suite\FC_ProductStructures.robot" id="s1-s1" name="FC ProductStructures">
<kw type="setup" name="PLWEB Login" library="plweb_keywords">
<doc>Log in to plweb with all inputs</doc>
<kw name="PLWEB Login as user with username url and password and asset" library="plweb_actions">
<doc>Initialization function for PL Web.</doc>
<arguments>
<arg>${URL}</arg>
<arg>${USER}</arg>
<arg>${PSWD}</arg>
<arg>${ASSETID}</arg>
</arguments>
<msg timestamp="20170925 18:21:35.291" level="ERROR">'WebDriver' object has no attribute 'switch_to'</msg>
<msg timestamp="20170925 18:21:38.348" level="ERROR">'bool' object has no attribute 'text'</msg>
<msg timestamp="20170925 18:21:41.384" level="ERROR">'bool' object has no attribute 'text'</msg>
<msg timestamp="20170925 18:21:41.384" level="ERROR">'WebDriver' object has no attribute 'switch_to'</msg>
<msg timestamp="20170925 18:21:44.441" level="ERROR">'bool' object has no attribute 'text'</msg>
<msg timestamp="20170925 18:21:47.514" level="ERROR">'bool' object has no attribute 'text'</msg>
<msg timestamp="20170925 18:21:47.514" level="ERROR">'WebDriver' object has no attribute 'switch_to'</msg>
<msg timestamp="20170925 18:21:50.601" level="ERROR">'bool' object has no attribute 'text'</msg>
<msg timestamp="20170925 18:21:53.653" level="ERROR">'bool' object has no attribute 'text'</msg>
<status status="PASS" endtime="20170925 18:21:55.884" starttime="20170925 18:20:03.799"></status>
</kw>
<status status="PASS" endtime="20170925 18:21:55.884" starttime="20170925 18:20:03.799"></status>
</kw>
<test id="s1-s1-t1" name="TC 168210 Home Page_004_xP_Fleet view_Group">
<kw name="PLWEB Navigate to Product Structures page" library="plweb_admin_keywords">
<kw name="PLWEB Go to Product Structures" library="plweb_actions">
<doc>Method to navigate to product structures page</doc>
<assign>
<var>${status}</var>
</assign>
<msg timestamp="20170925 18:22:04.663" level="INFO">${status} = None</msg>
<status status="PASS" endtime="20170925 18:22:04.663" starttime="20170925 18:21:55.884"></status>
</kw>
<kw name="Log To Console" library="BuiltIn">
<doc>Logs the given message to the console.</doc>
<arguments>
<arg>${status}</arg>
</arguments>
<status status="PASS" endtime="20170925 18:22:04.694" starttime="20170925 18:22:04.678"></status>
</kw>
<status status="PASS" endtime="20170925 18:22:04.694" starttime="20170925 18:21:55.884"></status>
</kw>
<kw name="PLWEB Create product Structure" library="plweb_admin_keywords">
<assign>
<var>${SNo}</var>
</assign>
<kw name="PLWEB Create A Complex Asset" library="plweb_actions">
<doc>Method to create a complex asset</doc>
<assign>
<var>${Sno}</var>
<var>${status}</var>
</assign>
<msg timestamp="20170925 18:23:12.413" level="ERROR">Error while Clicking .//*[@onclick="window.customConfirm.ok()"]</msg>
<msg timestamp="20170925 18:23:12.414" level="ERROR">Error information 'bool' object has no attribute 'click'</msg>
<msg timestamp="20170925 18:23:29.391" level="ERROR">Error while Clicking .//*[@onclick="window.customConfirm.ok()"]</msg>
<msg timestamp="20170925 18:23:29.391" level="ERROR">Error information 'bool' object has no attribute 'click'</msg>
<msg timestamp="20170925 18:24:08.568" level="ERROR">'WebDriver' object has no attribute 'switch_to'</msg>
<msg timestamp="20170925 18:24:11.650" level="ERROR">'bool' object has no attribute 'text'</msg>
<msg timestamp="20170925 18:24:14.709" level="ERROR">'bool' object has no attribute 'text'</msg>
<msg timestamp="20170925 18:24:14.828" level="FAIL">Cannot set variables: Expected list-like value, got string.</msg>
<status status="FAIL" endtime="20170925 18:24:14.828" starttime="20170925 18:22:04.694"></status>
</kw>
<status status="FAIL" endtime="20170925 18:24:14.828" starttime="20170925 18:22:04.694"></status>
</kw>
<tags>
<tag>168210</tag>
<tag>plweb</tag>
</tags>
<status status="FAIL" endtime="20170925 18:24:14.828" critical="yes" starttime="20170925 18:21:55.884">Cannot set variables: Expected list-like value, got string.</status>
</test>
<kw type="teardown" name="PLWEB Close windows" library="plweb_keywords">
<kw name="Close Plweb" library="plweb_actions">
<status status="PASS" endtime="20170925 18:24:49.085" starttime="20170925 18:24:14.828"></status>
</kw>
<status status="PASS" endtime="20170925 18:24:49.085" starttime="20170925 18:24:14.828"></status>
</kw>
<doc>For Running Assets</doc>
<status status="FAIL" endtime="20170925 18:24:49.085" starttime="20170925 18:20:02.612"></status>
</suite>
<status status="FAIL" endtime="20170925 18:24:49.085" starttime="20170925 18:20:02.534"></status>
</suite>
<statistics>
<total>
<stat fail="1" pass="0">Critical Tests</stat>
<stat fail="1" pass="0">All Tests</stat>
</total>
<tag>
<stat fail="1" pass="0">168210</stat>
<stat fail="1" pass="0">plweb</stat>
</tag>
<suite>
<stat fail="1" id="s1" name="Test Suite" pass="0">Test Suite</stat>
<stat fail="1" id="s1-s1" name="FC ProductStructures" pass="0">Test Suite.FC ProductStructures</stat>
</suite>
</statistics>
<errors>
<msg timestamp="20170925 18:21:35.291" level="ERROR">'WebDriver' object has no attribute 'switch_to'</msg>
<msg timestamp="20170925 18:21:38.348" level="ERROR">'bool' object has no attribute 'text'</msg>
<msg timestamp="20170925 18:21:41.384" level="ERROR">'bool' object has no attribute 'text'</msg>
<msg timestamp="20170925 18:21:41.384" level="ERROR">'WebDriver' object has no attribute 'switch_to'</msg>
<msg timestamp="20170925 18:21:44.441" level="ERROR">'bool' object has no attribute 'text'</msg>
<msg timestamp="20170925 18:21:47.514" level="ERROR">'bool' object has no attribute 'text'</msg>
<msg timestamp="20170925 18:21:47.514" level="ERROR">'WebDriver' object has no attribute 'switch_to'</msg>
<msg timestamp="20170925 18:21:50.601" level="ERROR">'bool' object has no attribute 'text'</msg>
<msg timestamp="20170925 18:21:53.653" level="ERROR">'bool' object has no attribute 'text'</msg>
<msg timestamp="20170925 18:23:12.413" level="ERROR">Error while Clicking .//*[@onclick="window.customConfirm.ok()"]</msg>
<msg timestamp="20170925 18:23:12.414" level="ERROR">Error information 'bool' object has no attribute 'click'</msg>
<msg timestamp="20170925 18:23:29.391" level="ERROR">Error while Clicking .//*[@onclick="window.customConfirm.ok()"]</msg>
<msg timestamp="20170925 18:23:29.391" level="ERROR">Error information 'bool' object has no attribute 'click'</msg>
<msg timestamp="20170925 18:24:08.568" level="ERROR">'WebDriver' object has no attribute 'switch_to'</msg>
<msg timestamp="20170925 18:24:11.650" level="ERROR">'bool' object has no attribute 'text'</msg>
<msg timestamp="20170925 18:24:14.709" level="ERROR">'bool' object has no attribute 'text'</msg>
</errors>
</robot>
