<?xml version="1.0" encoding="UTF-8"?>
<robot generated="20170922 10:33:48.474" generator="Robot 3.0.2 (Python 2.7.11 on win32)">
<suite source="C:\Users\antons\Desktop\Robot\Robot_proj_new\Test_Suite" id="s1" name="Test Suite">
<suite source="C:\Users\antons\Desktop\Robot\Robot_proj_new\Test_Suite\FC_ProductStructures.robot" id="s1-s1" name="FC ProductStructures">
<kw type="setup" name="PLWEB Login" library="plweb_keywords">
<doc>Log in to plweb with all inputs</doc>
<kw name="PLWEB Login as user with username url and password and asset" library="plweb_actions">
<doc>Initialization function for PL Web.</doc>
<arguments>
<arg>${URL}</arg>
<arg>${USER}</arg>
<arg>${PSWD}</arg>
<arg>${ASSETID}</arg>
</arguments>
<msg timestamp="20170922 10:34:54.580" level="ERROR">'WebDriver' object has no attribute 'switch_to'</msg>
<msg timestamp="20170922 10:34:57.645" level="ERROR">'bool' object has no attribute 'text'</msg>
<msg timestamp="20170922 10:35:00.726" level="ERROR">'bool' object has no attribute 'text'</msg>
<msg timestamp="20170922 10:35:00.727" level="ERROR">'WebDriver' object has no attribute 'switch_to'</msg>
<msg timestamp="20170922 10:35:03.799" level="ERROR">'bool' object has no attribute 'text'</msg>
<msg timestamp="20170922 10:35:06.858" level="ERROR">'bool' object has no attribute 'text'</msg>
<msg timestamp="20170922 10:35:06.859" level="ERROR">'WebDriver' object has no attribute 'switch_to'</msg>
<msg timestamp="20170922 10:35:09.904" level="ERROR">'bool' object has no attribute 'text'</msg>
<msg timestamp="20170922 10:35:12.968" level="ERROR">'bool' object has no attribute 'text'</msg>
<status status="PASS" endtime="20170922 10:35:15.227" starttime="20170922 10:33:51.112"></status>
</kw>
<status status="PASS" endtime="20170922 10:35:15.228" starttime="20170922 10:33:51.111"></status>
</kw>
<test id="s1-s1-t1" name="TC 168210 Home Page_004_xP_Fleet view_Group">
<kw name="PLWEB Navigate to Product Structures page" library="plweb_admin_keywords">
<kw name="PLWEB Go to Product Structures" library="plweb_actions">
<doc>Method to navigate to product structures page</doc>
<assign>
<var>${status}</var>
</assign>
<msg timestamp="20170922 10:35:24.282" level="INFO">${status} = None</msg>
<status status="PASS" endtime="20170922 10:35:24.282" starttime="20170922 10:35:15.231"></status>
</kw>
<kw name="Log To Console" library="BuiltIn">
<doc>Logs the given message to the console.</doc>
<arguments>
<arg>${status}</arg>
</arguments>
<status status="PASS" endtime="20170922 10:35:24.284" starttime="20170922 10:35:24.283"></status>
</kw>
<status status="PASS" endtime="20170922 10:35:24.285" starttime="20170922 10:35:15.230"></status>
</kw>
<kw name="PLWEB Create product Structure" library="plweb_admin_keywords">
<assign>
<var>${SNo}</var>
</assign>
<kw name="PLWEB Create A Complex Asset" library="plweb_actions">
<doc>Method to create a complex asset</doc>
<assign>
<var>${Sno}</var>
</assign>
<msg timestamp="20170922 10:36:33.547" level="ERROR">Error while Clicking .//*[@onclick="window.customConfirm.ok()"]</msg>
<msg timestamp="20170922 10:36:33.550" level="ERROR">Error information 'bool' object has no attribute 'click'</msg>
<msg timestamp="20170922 10:36:50.393" level="ERROR">Error while Clicking .//*[@onclick="window.customConfirm.ok()"]</msg>
<msg timestamp="20170922 10:36:50.396" level="ERROR">Error information 'bool' object has no attribute 'click'</msg>
<msg timestamp="20170922 10:37:29.504" level="ERROR">'WebDriver' object has no attribute 'switch_to'</msg>
<msg timestamp="20170922 10:37:32.546" level="ERROR">'bool' object has no attribute 'text'</msg>
<msg timestamp="20170922 10:37:35.604" level="ERROR">'bool' object has no attribute 'text'</msg>
<msg timestamp="20170922 10:37:35.710" level="INFO">${Sno} = paset_10:35</msg>
<status status="PASS" endtime="20170922 10:37:35.710" starttime="20170922 10:35:24.286"></status>
</kw>
<msg timestamp="20170922 10:37:35.711" level="INFO">${SNo} = paset_10:35</msg>
<status status="PASS" endtime="20170922 10:37:35.711" starttime="20170922 10:35:24.286"></status>
</kw>
<kw name="PLWEB Navigate to Groups Page" library="plweb_admin_keywords">
<kw name="PLWEB Go to Groups Page" library="plweb_actions">
<doc>Method to initialize the Product Link Web page.</doc>
<msg timestamp="20170922 10:37:40.442" level="INFO">Initialization of PLWeb is Successful!!</msg>
<status status="PASS" endtime="20170922 10:37:40.443" starttime="20170922 10:37:35.713"></status>
</kw>
<kw name="Log To Console" library="BuiltIn">
<doc>Logs the given message to the console.</doc>
<arguments>
<arg>PLWEB Navigate to Groups Page</arg>
</arguments>
<status status="PASS" endtime="20170922 10:37:40.444" starttime="20170922 10:37:40.443"></status>
</kw>
<status status="PASS" endtime="20170922 10:37:40.445" starttime="20170922 10:37:35.712"></status>
</kw>
<kw name="PLWEB Create a Group" library="plweb_admin_keywords">
<arguments>
<arg>${SNo}</arg>
</arguments>
<assign>
<var>${groupname}</var>
</assign>
<kw name="Create A Group" library="plweb_actions">
<doc>Methods to create a new group in plweb</doc>
<arguments>
<arg>${Sno}</arg>
</arguments>
<assign>
<var>${Groupname}</var>
</assign>
<msg timestamp="20170922 10:38:41.773" level="ERROR">'WebDriver' object has no attribute 'switch_to'</msg>
<msg timestamp="20170922 10:38:44.842" level="ERROR">'bool' object has no attribute 'text'</msg>
<msg timestamp="20170922 10:38:47.910" level="ERROR">'bool' object has no attribute 'text'</msg>
<msg timestamp="20170922 10:38:47.912" level="INFO">${Groupname} = saset_10:37</msg>
<status status="PASS" endtime="20170922 10:38:47.912" starttime="20170922 10:37:40.447"></status>
</kw>
<msg timestamp="20170922 10:38:47.913" level="INFO">${groupname} = saset_10:37</msg>
<status status="PASS" endtime="20170922 10:38:47.913" starttime="20170922 10:37:40.446"></status>
</kw>
<kw name="PLWEB Navigate to Groups Page" library="plweb_admin_keywords">
<kw name="PLWEB Go to Groups Page" library="plweb_actions">
<doc>Method to initialize the Product Link Web page.</doc>
<msg timestamp="20170922 10:38:52.500" level="INFO">Initialization of PLWeb is Successful!!</msg>
<status status="PASS" endtime="20170922 10:38:52.501" starttime="20170922 10:38:47.915"></status>
</kw>
<kw name="Log To Console" library="BuiltIn">
<doc>Logs the given message to the console.</doc>
<arguments>
<arg>PLWEB Navigate to Groups Page</arg>
</arguments>
<status status="PASS" endtime="20170922 10:38:52.503" starttime="20170922 10:38:52.502"></status>
</kw>
<status status="PASS" endtime="20170922 10:38:52.505" starttime="20170922 10:38:47.914"></status>
</kw>
<kw name="PLWEB Verify groups availability" library="plweb_admin_keywords">
<arguments>
<arg>${groupname}</arg>
<arg>${SNo}</arg>
</arguments>
<assign>
<var>${available}</var>
</assign>
<kw name="Verify groups availability" library="plweb_actions">
<doc>methods to confirm the groups level of availability</doc>
<arguments>
<arg>${Groupname}</arg>
<arg>${SerialNumber}</arg>
</arguments>
<assign>
<var>${status}</var>
</assign>
<msg timestamp="20170922 10:39:02.913" level="INFO">${status} = True</msg>
<status status="PASS" endtime="20170922 10:39:02.913" starttime="20170922 10:38:52.509"></status>
</kw>
<msg timestamp="20170922 10:39:02.914" level="INFO">${available} = None</msg>
<status status="PASS" endtime="20170922 10:39:02.914" starttime="20170922 10:38:52.506"></status>
</kw>
<kw name="PLWEB Verify group is editable" library="plweb_admin_keywords">
<arguments>
<arg>${groupname}</arg>
<arg>${SNo}</arg>
</arguments>
<assign>
<var>${editable}</var>
</assign>
<kw name="Verify group is editable" library="plweb_actions">
<doc>methods to confirm the groups level of availability</doc>
<arguments>
<arg>${Groupname}</arg>
<arg>${SerialNumber}</arg>
</arguments>
<assign>
<var>${status}</var>
</assign>
<msg timestamp="20170922 10:39:14.383" level="INFO">${status} = True</msg>
<status status="PASS" endtime="20170922 10:39:14.384" starttime="20170922 10:39:02.916"></status>
</kw>
<msg timestamp="20170922 10:39:14.384" level="INFO">${editable} = None</msg>
<status status="PASS" endtime="20170922 10:39:14.385" starttime="20170922 10:39:02.915"></status>
</kw>
<kw name="PLWEB Verify groups is deletable" library="plweb_admin_keywords">
<arguments>
<arg>${groupname}</arg>
<arg>${SNo}</arg>
</arguments>
<assign>
<var>${deletable}</var>
</assign>
<kw name="Verify groups is deletable" library="plweb_actions">
<doc>methods to confirm the groups level of availability</doc>
<arguments>
<arg>${Groupname}</arg>
<arg>${SerialNumber}</arg>
</arguments>
<assign>
<var>${status}</var>
</assign>
<msg timestamp="20170922 10:39:26.005" level="INFO">${status} = True</msg>
<status status="PASS" endtime="20170922 10:39:26.005" starttime="20170922 10:39:14.387"></status>
</kw>
<msg timestamp="20170922 10:39:26.006" level="INFO">${deletable} = None</msg>
<status status="PASS" endtime="20170922 10:39:26.006" starttime="20170922 10:39:14.386"></status>
</kw>
<kw name="message" library="plweb_admin_keywords">
<arguments>
<arg>${available}</arg>
</arguments>
<kw name="print error messages" library="plweb_actions">
<doc>printing the error message</doc>
<arguments>
<arg>${data}</arg>
</arguments>
<msg timestamp="20170922 10:39:26.024" level="INFO">Failed to log following message properly: (None,)</msg>
<status status="PASS" endtime="20170922 10:39:26.025" starttime="20170922 10:39:26.008"></status>
</kw>
<status status="PASS" endtime="20170922 10:39:26.025" starttime="20170922 10:39:26.007"></status>
</kw>
<kw name="message" library="plweb_admin_keywords">
<arguments>
<arg>${editable}</arg>
</arguments>
<kw name="print error messages" library="plweb_actions">
<doc>printing the error message</doc>
<arguments>
<arg>${data}</arg>
</arguments>
<msg timestamp="20170922 10:39:26.028" level="INFO">Failed to log following message properly: (None,)</msg>
<status status="PASS" endtime="20170922 10:39:26.028" starttime="20170922 10:39:26.027"></status>
</kw>
<status status="PASS" endtime="20170922 10:39:26.029" starttime="20170922 10:39:26.026"></status>
</kw>
<kw name="message" library="plweb_admin_keywords">
<arguments>
<arg>${deletable}</arg>
</arguments>
<kw name="print error messages" library="plweb_actions">
<doc>printing the error message</doc>
<arguments>
<arg>${data}</arg>
</arguments>
<msg timestamp="20170922 10:39:26.032" level="INFO">Failed to log following message properly: (None,)</msg>
<status status="PASS" endtime="20170922 10:39:26.032" starttime="20170922 10:39:26.031"></status>
</kw>
<status status="PASS" endtime="20170922 10:39:26.032" starttime="20170922 10:39:26.030"></status>
</kw>
<kw name="message" library="plweb_admin_keywords">
<arguments>
<arg>print live</arg>
</arguments>
<kw name="print error messages" library="plweb_actions">
<doc>printing the error message</doc>
<arguments>
<arg>${data}</arg>
</arguments>
<msg timestamp="20170922 10:39:26.035" level="INFO">Failed to log following message properly: (u'print live',)</msg>
<status status="PASS" endtime="20170922 10:39:26.036" starttime="20170922 10:39:26.034"></status>
</kw>
<status status="PASS" endtime="20170922 10:39:26.036" starttime="20170922 10:39:26.034"></status>
</kw>
<tags>
<tag>168210</tag>
<tag>plweb</tag>
</tags>
<status status="PASS" endtime="20170922 10:39:26.037" critical="yes" starttime="20170922 10:35:15.228"></status>
</test>
<kw type="teardown" name="PLWEB Close windows" library="plweb_keywords">
<kw name="Close Plweb" library="plweb_actions">
<status status="PASS" endtime="20170922 10:40:23.843" starttime="20170922 10:39:26.041"></status>
</kw>
<status status="PASS" endtime="20170922 10:40:23.843" starttime="20170922 10:39:26.040"></status>
</kw>
<doc>For Running Assets</doc>
<status status="PASS" endtime="20170922 10:40:23.844" starttime="20170922 10:33:49.717"></status>
</suite>
<status status="PASS" endtime="20170922 10:40:23.849" starttime="20170922 10:33:49.619"></status>
</suite>
<statistics>
<total>
<stat fail="0" pass="1">Critical Tests</stat>
<stat fail="0" pass="1">All Tests</stat>
</total>
<tag>
<stat fail="0" pass="1">168210</stat>
<stat fail="0" pass="1">plweb</stat>
</tag>
<suite>
<stat fail="0" id="s1" name="Test Suite" pass="1">Test Suite</stat>
<stat fail="0" id="s1-s1" name="FC ProductStructures" pass="1">Test Suite.FC ProductStructures</stat>
</suite>
</statistics>
<errors>
<msg timestamp="20170922 10:34:54.580" level="ERROR">'WebDriver' object has no attribute 'switch_to'</msg>
<msg timestamp="20170922 10:34:57.645" level="ERROR">'bool' object has no attribute 'text'</msg>
<msg timestamp="20170922 10:35:00.726" level="ERROR">'bool' object has no attribute 'text'</msg>
<msg timestamp="20170922 10:35:00.727" level="ERROR">'WebDriver' object has no attribute 'switch_to'</msg>
<msg timestamp="20170922 10:35:03.799" level="ERROR">'bool' object has no attribute 'text'</msg>
<msg timestamp="20170922 10:35:06.858" level="ERROR">'bool' object has no attribute 'text'</msg>
<msg timestamp="20170922 10:35:06.859" level="ERROR">'WebDriver' object has no attribute 'switch_to'</msg>
<msg timestamp="20170922 10:35:09.904" level="ERROR">'bool' object has no attribute 'text'</msg>
<msg timestamp="20170922 10:35:12.968" level="ERROR">'bool' object has no attribute 'text'</msg>
<msg timestamp="20170922 10:36:33.547" level="ERROR">Error while Clicking .//*[@onclick="window.customConfirm.ok()"]</msg>
<msg timestamp="20170922 10:36:33.550" level="ERROR">Error information 'bool' object has no attribute 'click'</msg>
<msg timestamp="20170922 10:36:50.393" level="ERROR">Error while Clicking .//*[@onclick="window.customConfirm.ok()"]</msg>
<msg timestamp="20170922 10:36:50.396" level="ERROR">Error information 'bool' object has no attribute 'click'</msg>
<msg timestamp="20170922 10:37:29.504" level="ERROR">'WebDriver' object has no attribute 'switch_to'</msg>
<msg timestamp="20170922 10:37:32.546" level="ERROR">'bool' object has no attribute 'text'</msg>
<msg timestamp="20170922 10:37:35.604" level="ERROR">'bool' object has no attribute 'text'</msg>
<msg timestamp="20170922 10:38:41.773" level="ERROR">'WebDriver' object has no attribute 'switch_to'</msg>
<msg timestamp="20170922 10:38:44.842" level="ERROR">'bool' object has no attribute 'text'</msg>
<msg timestamp="20170922 10:38:47.910" level="ERROR">'bool' object has no attribute 'text'</msg>
</errors>
</robot>
