<?xml version="1.0" encoding="UTF-8"?>
<robot generated="20170925 17:43:21.767" generator="Robot 3.0.2 (Python 2.7.11 on win32)">
<suite source="C:\Users\antons\Desktop\Robot\Solomon\Robot_proj_solomon\Test_Suite" id="s1" name="Test Suite">
<suite source="C:\Users\antons\Desktop\Robot\Solomon\Robot_proj_solomon\Test_Suite\FC_ProductStructures.robot" id="s1-s1" name="FC ProductStructures">
<kw type="setup" name="PLWEB Login" library="plweb_keywords">
<doc>Log in to plweb with all inputs</doc>
<kw name="PLWEB Login as user with username url and password and asset" library="plweb_actions">
<doc>Initialization function for PL Web.</doc>
<arguments>
<arg>${URL}</arg>
<arg>${USER}</arg>
<arg>${PSWD}</arg>
<arg>${ASSETID}</arg>
</arguments>
<msg timestamp="20170925 17:44:52.217" level="ERROR">'WebDriver' object has no attribute 'switch_to'</msg>
<msg timestamp="20170925 17:44:55.304" level="ERROR">'bool' object has no attribute 'text'</msg>
<msg timestamp="20170925 17:44:58.369" level="ERROR">'bool' object has no attribute 'text'</msg>
<msg timestamp="20170925 17:44:58.369" level="ERROR">'WebDriver' object has no attribute 'switch_to'</msg>
<msg timestamp="20170925 17:45:01.462" level="ERROR">'bool' object has no attribute 'text'</msg>
<msg timestamp="20170925 17:45:04.522" level="ERROR">'bool' object has no attribute 'text'</msg>
<msg timestamp="20170925 17:45:04.522" level="ERROR">'WebDriver' object has no attribute 'switch_to'</msg>
<msg timestamp="20170925 17:45:07.601" level="ERROR">'bool' object has no attribute 'text'</msg>
<msg timestamp="20170925 17:45:10.647" level="ERROR">'bool' object has no attribute 'text'</msg>
<status status="PASS" endtime="20170925 17:45:12.870" starttime="20170925 17:43:24.135"></status>
</kw>
<status status="PASS" endtime="20170925 17:45:12.870" starttime="20170925 17:43:24.135"></status>
</kw>
<test id="s1-s1-t1" name="TC 168210 Home Page_004_xP_Fleet view_Group">
<kw name="PLWEB Navigate to Product Structures page" library="plweb_admin_keywords">
<kw name="PLWEB Go to Product Structures" library="plweb_actions">
<doc>Method to navigate to product structures page</doc>
<assign>
<var>${status}</var>
</assign>
<msg timestamp="20170925 17:45:21.718" level="INFO">${status} = None</msg>
<status status="PASS" endtime="20170925 17:45:21.718" starttime="20170925 17:45:12.870"></status>
</kw>
<kw name="Log To Console" library="BuiltIn">
<doc>Logs the given message to the console.</doc>
<arguments>
<arg>${status}</arg>
</arguments>
<status status="PASS" endtime="20170925 17:45:21.718" starttime="20170925 17:45:21.718"></status>
</kw>
<status status="PASS" endtime="20170925 17:45:21.718" starttime="20170925 17:45:12.870"></status>
</kw>
<kw name="PLWEB Get Screenshot" library="plweb_admin_keywords">
<kw name="Get Screenshot" library="plweb_actions">
<doc>taking screenshot of the current driver</doc>
<msg timestamp="20170925 17:45:21.718" level="FAIL">AttributeError: 'CommHandles' object has no attribute 'driver'</msg>
<status status="FAIL" endtime="20170925 17:45:21.718" starttime="20170925 17:45:21.718"></status>
</kw>
<status status="FAIL" endtime="20170925 17:45:21.718" starttime="20170925 17:45:21.718"></status>
</kw>
<tags>
<tag>168210</tag>
<tag>plweb</tag>
</tags>
<status status="FAIL" endtime="20170925 17:45:21.718" critical="yes" starttime="20170925 17:45:12.870">AttributeError: 'CommHandles' object has no attribute 'driver'</status>
</test>
<kw type="teardown" name="PLWEB Close windows" library="plweb_keywords">
<kw name="Close Plweb" library="plweb_actions">
<status status="PASS" endtime="20170925 17:46:02.544" starttime="20170925 17:45:21.718"></status>
</kw>
<status status="PASS" endtime="20170925 17:46:02.544" starttime="20170925 17:45:21.718"></status>
</kw>
<doc>For Running Assets</doc>
<status status="FAIL" endtime="20170925 17:46:02.544" starttime="20170925 17:43:22.930"></status>
</suite>
<status status="FAIL" endtime="20170925 17:46:02.544" starttime="20170925 17:43:22.867"></status>
</suite>
<statistics>
<total>
<stat fail="1" pass="0">Critical Tests</stat>
<stat fail="1" pass="0">All Tests</stat>
</total>
<tag>
<stat fail="1" pass="0">168210</stat>
<stat fail="1" pass="0">plweb</stat>
</tag>
<suite>
<stat fail="1" id="s1" name="Test Suite" pass="0">Test Suite</stat>
<stat fail="1" id="s1-s1" name="FC ProductStructures" pass="0">Test Suite.FC ProductStructures</stat>
</suite>
</statistics>
<errors>
<msg timestamp="20170925 17:44:52.217" level="ERROR">'WebDriver' object has no attribute 'switch_to'</msg>
<msg timestamp="20170925 17:44:55.304" level="ERROR">'bool' object has no attribute 'text'</msg>
<msg timestamp="20170925 17:44:58.369" level="ERROR">'bool' object has no attribute 'text'</msg>
<msg timestamp="20170925 17:44:58.369" level="ERROR">'WebDriver' object has no attribute 'switch_to'</msg>
<msg timestamp="20170925 17:45:01.462" level="ERROR">'bool' object has no attribute 'text'</msg>
<msg timestamp="20170925 17:45:04.522" level="ERROR">'bool' object has no attribute 'text'</msg>
<msg timestamp="20170925 17:45:04.522" level="ERROR">'WebDriver' object has no attribute 'switch_to'</msg>
<msg timestamp="20170925 17:45:07.601" level="ERROR">'bool' object has no attribute 'text'</msg>
<msg timestamp="20170925 17:45:10.647" level="ERROR">'bool' object has no attribute 'text'</msg>
</errors>
</robot>
