<?xml version="1.0" encoding="UTF-8"?>
<robot generated="20170907 11:16:09.652" generator="Robot 3.0 (Python 2.7.12 on win32)">
<suite source="C:\GitRepos_DisplayTesting\balasa6\E2E_Test_Automation\Robot_proj_new\Test_Suite" id="s1" name="Test Suite">
<suite source="C:\GitRepos_DisplayTesting\balasa6\E2E_Test_Automation\Robot_proj_new\Test_Suite\Plweb_tests.robot" id="s1-s1" name="Plweb tests">
<kw type="setup" name="PLWEB Login" library="plweb_keywords">
<doc>Log in to plweb with all inputs</doc>
<kw name="PLWEB Login as user with username url and password and asset" library="plweb_actions">
<doc>Initialization function for PL Web.</doc>
<arguments>
<arg>${URL}</arg>
<arg>${USER}</arg>
<arg>${PSWD}</arg>
<arg>${ASSETID}</arg>
</arguments>
<msg timestamp="20170907 11:16:10.168" level="INFO"> lib.webinterface / is_element_present  (&lt;lib.plweb.ProductLinkWeb object at 0x0366ED70&gt;, ".//*[@ng-href='#/tel_home']")</msg>
<msg timestamp="20170907 11:16:10.168" level="INFO"> lib.webinterface / generate_xpath_structure  (".//*[@ng-href='#/tel_home']",)</msg>
<msg timestamp="20170907 11:16:10.168" level="ERROR"> lib.webinterface / is_element_present  (&lt;lib.plweb.ProductLinkWeb object at 0x0366ED70&gt;, ".//*[@ng-href='#/tel_home']")  'NoneType' object has no attribute 'find_element_by_xpath'</msg>
<msg timestamp="20170907 11:16:10.168" level="INFO"> lib.plweb / login  (&lt;lib.plweb.ProductLinkWeb object at 0x0366ED70&gt;, 'https://qa-productlinkweb.cat.com', 'balasa6', 'Ari5134192111#')</msg>
<msg timestamp="20170907 11:16:13.595" level="INFO"> lib.webinterface / enter_url  (&lt;lib.plweb.ProductLinkWeb object at 0x0366ED70&gt;, 'https://qa-productlinkweb.cat.com')</msg>
<msg timestamp="20170907 11:16:16.365" level="INFO"> lib.webinterface / wait_till_delay  (&lt;lib.plweb.ProductLinkWeb object at 0x0366ED70&gt;, ".//*[@id='cwsUID']")</msg>
<msg timestamp="20170907 11:16:16.365" level="INFO"> lib.webinterface / generate_xpath_structure  (".//*[@id='cwsUID']",)</msg>
<msg timestamp="20170907 11:16:16.478" level="INFO"> lib.webinterface / input  (&lt;lib.plweb.ProductLinkWeb object at 0x0366ED70&gt;, ".//*[@id='cwsUID']", 'balasa6')</msg>
<msg timestamp="20170907 11:16:16.478" level="INFO"> lib.webinterface / generate_xpath_structure  (".//*[@id='cwsUID']",)</msg>
<msg timestamp="20170907 11:16:16.478" level="INFO"> lib.webinterface / find_element_by_xpath  (&lt;lib.plweb.ProductLinkWeb object at 0x0366ED70&gt;, ".//*[@id='cwsUID']")</msg>
<msg timestamp="20170907 11:16:16.478" level="INFO"> lib.webinterface / generate_xpath_structure  (".//*[@id='cwsUID']",)</msg>
<msg timestamp="20170907 11:16:16.478" level="INFO"> lib.webinterface / is_element_present  (&lt;lib.plweb.ProductLinkWeb object at 0x0366ED70&gt;, ".//*[@id='cwsUID']")</msg>
<msg timestamp="20170907 11:16:16.478" level="INFO"> lib.webinterface / generate_xpath_structure  (".//*[@id='cwsUID']",)</msg>
<msg timestamp="20170907 11:16:16.498" level="INFO"> lib.webinterface / scroll_to_view_element  (&lt;lib.plweb.ProductLinkWeb object at 0x0366ED70&gt;, &lt;selenium.webdriver.remote.webelement.WebElement object at 0x03684570&gt;)</msg>
<msg timestamp="20170907 11:16:17.598" level="INFO"> lib.webinterface / scroll_to_view_element  (&lt;lib.plweb.ProductLinkWeb object at 0x0366ED70&gt;, &lt;selenium.webdriver.remote.webelement.WebElement object at 0x036845B0&gt;)</msg>
<msg timestamp="20170907 11:16:19.181" level="INFO"> lib.webinterface / input  (&lt;lib.plweb.ProductLinkWeb object at 0x0366ED70&gt;, ".//*[@id='cwsPwd']", 'Ari5134192111#')</msg>
<msg timestamp="20170907 11:16:19.181" level="INFO"> lib.webinterface / generate_xpath_structure  (".//*[@id='cwsPwd']",)</msg>
<msg timestamp="20170907 11:16:19.181" level="INFO"> lib.webinterface / find_element_by_xpath  (&lt;lib.plweb.ProductLinkWeb object at 0x0366ED70&gt;, ".//*[@id='cwsPwd']")</msg>
<msg timestamp="20170907 11:16:19.181" level="INFO"> lib.webinterface / generate_xpath_structure  (".//*[@id='cwsPwd']",)</msg>
<msg timestamp="20170907 11:16:19.181" level="INFO"> lib.webinterface / is_element_present  (&lt;lib.plweb.ProductLinkWeb object at 0x0366ED70&gt;, ".//*[@id='cwsPwd']")</msg>
<msg timestamp="20170907 11:16:19.181" level="INFO"> lib.webinterface / generate_xpath_structure  (".//*[@id='cwsPwd']",)</msg>
<msg timestamp="20170907 11:16:19.212" level="INFO"> lib.webinterface / scroll_to_view_element  (&lt;lib.plweb.ProductLinkWeb object at 0x0366ED70&gt;, &lt;selenium.webdriver.remote.webelement.WebElement object at 0x036845F0&gt;)</msg>
<msg timestamp="20170907 11:16:20.271" level="INFO"> lib.webinterface / scroll_to_view_element  (&lt;lib.plweb.ProductLinkWeb object at 0x0366ED70&gt;, &lt;selenium.webdriver.remote.webelement.WebElement object at 0x03684610&gt;)</msg>
<msg timestamp="20170907 11:16:22.760" level="INFO"> lib.plweb / submit  (&lt;lib.plweb.ProductLinkWeb object at 0x0366ED70&gt;,)</msg>
<msg timestamp="20170907 11:16:22.760" level="INFO"> lib.webinterface / click  (&lt;lib.plweb.ProductLinkWeb object at 0x0366ED70&gt;, ".//*[@id='submitButton']")</msg>
<msg timestamp="20170907 11:16:22.760" level="INFO"> lib.webinterface / generate_xpath_structure  (".//*[@id='submitButton']",)</msg>
<msg timestamp="20170907 11:16:22.760" level="INFO"> lib.webinterface / find_element_by_xpath  (&lt;lib.plweb.ProductLinkWeb object at 0x0366ED70&gt;, ".//*[@id='submitButton']")</msg>
<msg timestamp="20170907 11:16:22.760" level="INFO"> lib.webinterface / generate_xpath_structure  (".//*[@id='submitButton']",)</msg>
<msg timestamp="20170907 11:16:22.760" level="INFO"> lib.webinterface / is_element_present  (&lt;lib.plweb.ProductLinkWeb object at 0x0366ED70&gt;, ".//*[@id='submitButton']")</msg>
<msg timestamp="20170907 11:16:22.760" level="INFO"> lib.webinterface / generate_xpath_structure  (".//*[@id='submitButton']",)</msg>
<msg timestamp="20170907 11:16:22.790" level="INFO"> lib.webinterface / scroll_to_view_element  (&lt;lib.plweb.ProductLinkWeb object at 0x0366ED70&gt;, &lt;selenium.webdriver.remote.webelement.WebElement object at 0x036847B0&gt;)</msg>
<msg timestamp="20170907 11:16:23.847" level="INFO"> lib.webinterface / scroll_to_view_element  (&lt;lib.plweb.ProductLinkWeb object at 0x0366ED70&gt;, &lt;selenium.webdriver.remote.webelement.WebElement object at 0x03684830&gt;)</msg>
<msg timestamp="20170907 11:16:27.366" level="INFO"> lib.webinterface / wait_till_delay  (&lt;lib.plweb.ProductLinkWeb object at 0x0366ED70&gt;, './/*[@class="catlogo"]')</msg>
<msg timestamp="20170907 11:16:27.366" level="INFO"> lib.webinterface / generate_xpath_structure  ('.//*[@class="catlogo"]',)</msg>
<msg timestamp="20170907 11:16:31.215" level="INFO"> lib.webinterface / is_element_present  (&lt;lib.plweb.ProductLinkWeb object at 0x0366ED70&gt;, './/*[@class="catlogo"]')</msg>
<msg timestamp="20170907 11:16:31.216" level="INFO"> lib.webinterface / generate_xpath_structure  ('.//*[@class="catlogo"]',)</msg>
<msg timestamp="20170907 11:16:31.328" level="INFO"> lib.webinterface / scroll_to_view_element  (&lt;lib.plweb.ProductLinkWeb object at 0x0366ED70&gt;, &lt;selenium.webdriver.remote.webelement.WebElement object at 0x036849F0&gt;)</msg>
<msg timestamp="20170907 11:16:32.395" level="INFO"> lib.webinterface / is_element_present  (&lt;lib.plweb.ProductLinkWeb object at 0x0366ED70&gt;, './/*[@id="login_status"]')</msg>
<msg timestamp="20170907 11:16:32.395" level="INFO"> lib.webinterface / generate_xpath_structure  ('.//*[@id="login_status"]',)</msg>
<msg timestamp="20170907 11:16:35.434" level="ERROR"> lib.webinterface / is_element_present  (&lt;lib.plweb.ProductLinkWeb object at 0x0366ED70&gt;, './/*[@id="login_status"]')  Message: u'no such element: Unable to locate element: {"method":"xpath","selector":".//*[@id="login_status"]"}\n  (Session info: chrome=60.0.3112.113)\n  (Driver info: chromedriver=2.29.461591 (62ebf098771772160f391d75e589dc567915b233),platform=Windows NT 6.1.7601 SP1 x86_64)' </msg>
<msg timestamp="20170907 11:16:35.434" level="INFO"> lib.webinterface / clear_web_alerts  (&lt;lib.plweb.ProductLinkWeb object at 0x0366ED70&gt;,)</msg>
<msg timestamp="20170907 11:16:35.434" level="ERROR">'WebDriver' object has no attribute 'switch_to'</msg>
<msg timestamp="20170907 11:16:35.434" level="INFO"> lib.webinterface / find_element_by_xpath  (&lt;lib.plweb.ProductLinkWeb object at 0x0366ED70&gt;, './/*[@onclick="window.customAlert.ok()"]')</msg>
<msg timestamp="20170907 11:16:35.434" level="INFO"> lib.webinterface / generate_xpath_structure  ('.//*[@onclick="window.customAlert.ok()"]',)</msg>
<msg timestamp="20170907 11:16:35.434" level="INFO"> lib.webinterface / is_element_present  (&lt;lib.plweb.ProductLinkWeb object at 0x0366ED70&gt;, './/*[@onclick="window.customAlert.ok()"]')</msg>
<msg timestamp="20170907 11:16:35.434" level="INFO"> lib.webinterface / generate_xpath_structure  ('.//*[@onclick="window.customAlert.ok()"]',)</msg>
<msg timestamp="20170907 11:16:38.453" level="ERROR"> lib.webinterface / is_element_present  (&lt;lib.plweb.ProductLinkWeb object at 0x0366ED70&gt;, './/*[@onclick="window.customAlert.ok()"]')  Message: u'no such element: Unable to locate element: {"method":"xpath","selector":".//*[@onclick="window.customAlert.ok()"]"}\n  (Session info: chrome=60.0.3112.113)\n  (Driver info: chromedriver=2.29.461591 (62ebf098771772160f391d75e589dc567915b233),platform=Windows NT 6.1.7601 SP1 x86_64)' </msg>
<msg timestamp="20170907 11:16:38.454" level="ERROR">'bool' object has no attribute 'text'</msg>
<msg timestamp="20170907 11:16:38.454" level="INFO"> lib.webinterface / find_element_by_xpath  (&lt;lib.plweb.ProductLinkWeb object at 0x0366ED70&gt;, './/*[@onclick="window.customConfirm.ok()"]')</msg>
<msg timestamp="20170907 11:16:38.454" level="INFO"> lib.webinterface / generate_xpath_structure  ('.//*[@onclick="window.customConfirm.ok()"]',)</msg>
<msg timestamp="20170907 11:16:38.454" level="INFO"> lib.webinterface / is_element_present  (&lt;lib.plweb.ProductLinkWeb object at 0x0366ED70&gt;, './/*[@onclick="window.customConfirm.ok()"]')</msg>
<msg timestamp="20170907 11:16:38.454" level="INFO"> lib.webinterface / generate_xpath_structure  ('.//*[@onclick="window.customConfirm.ok()"]',)</msg>
<msg timestamp="20170907 11:16:41.481" level="ERROR"> lib.webinterface / is_element_present  (&lt;lib.plweb.ProductLinkWeb object at 0x0366ED70&gt;, './/*[@onclick="window.customConfirm.ok()"]')  Message: u'no such element: Unable to locate element: {"method":"xpath","selector":".//*[@onclick="window.customConfirm.ok()"]"}\n  (Session info: chrome=60.0.3112.113)\n  (Driver info: chromedriver=2.29.461591 (62ebf098771772160f391d75e589dc567915b233),platform=Windows NT 6.1.7601 SP1 x86_64)' </msg>
<msg timestamp="20170907 11:16:41.481" level="ERROR">'bool' object has no attribute 'text'</msg>
<msg timestamp="20170907 11:16:41.481" level="INFO"> lib.webinterface / clear_web_alerts  (&lt;lib.plweb.ProductLinkWeb object at 0x0366ED70&gt;,)</msg>
<msg timestamp="20170907 11:16:41.481" level="ERROR">'WebDriver' object has no attribute 'switch_to'</msg>
<msg timestamp="20170907 11:16:41.481" level="INFO"> lib.webinterface / find_element_by_xpath  (&lt;lib.plweb.ProductLinkWeb object at 0x0366ED70&gt;, './/*[@onclick="window.customAlert.ok()"]')</msg>
<msg timestamp="20170907 11:16:41.482" level="INFO"> lib.webinterface / generate_xpath_structure  ('.//*[@onclick="window.customAlert.ok()"]',)</msg>
<msg timestamp="20170907 11:16:41.482" level="INFO"> lib.webinterface / is_element_present  (&lt;lib.plweb.ProductLinkWeb object at 0x0366ED70&gt;, './/*[@onclick="window.customAlert.ok()"]')</msg>
<msg timestamp="20170907 11:16:41.482" level="INFO"> lib.webinterface / generate_xpath_structure  ('.//*[@onclick="window.customAlert.ok()"]',)</msg>
<msg timestamp="20170907 11:16:44.542" level="ERROR"> lib.webinterface / is_element_present  (&lt;lib.plweb.ProductLinkWeb object at 0x0366ED70&gt;, './/*[@onclick="window.customAlert.ok()"]')  Message: u'no such element: Unable to locate element: {"method":"xpath","selector":".//*[@onclick="window.customAlert.ok()"]"}\n  (Session info: chrome=60.0.3112.113)\n  (Driver info: chromedriver=2.29.461591 (62ebf098771772160f391d75e589dc567915b233),platform=Windows NT 6.1.7601 SP1 x86_64)' </msg>
<msg timestamp="20170907 11:16:44.543" level="ERROR">'bool' object has no attribute 'text'</msg>
<msg timestamp="20170907 11:16:44.543" level="INFO"> lib.webinterface / find_element_by_xpath  (&lt;lib.plweb.ProductLinkWeb object at 0x0366ED70&gt;, './/*[@onclick="window.customConfirm.ok()"]')</msg>
<msg timestamp="20170907 11:16:44.543" level="INFO"> lib.webinterface / generate_xpath_structure  ('.//*[@onclick="window.customConfirm.ok()"]',)</msg>
<msg timestamp="20170907 11:16:44.543" level="INFO"> lib.webinterface / is_element_present  (&lt;lib.plweb.ProductLinkWeb object at 0x0366ED70&gt;, './/*[@onclick="window.customConfirm.ok()"]')</msg>
<msg timestamp="20170907 11:16:44.543" level="INFO"> lib.webinterface / generate_xpath_structure  ('.//*[@onclick="window.customConfirm.ok()"]',)</msg>
<msg timestamp="20170907 11:16:47.584" level="ERROR"> lib.webinterface / is_element_present  (&lt;lib.plweb.ProductLinkWeb object at 0x0366ED70&gt;, './/*[@onclick="window.customConfirm.ok()"]')  Message: u'no such element: Unable to locate element: {"method":"xpath","selector":".//*[@onclick="window.customConfirm.ok()"]"}\n  (Session info: chrome=60.0.3112.113)\n  (Driver info: chromedriver=2.29.461591 (62ebf098771772160f391d75e589dc567915b233),platform=Windows NT 6.1.7601 SP1 x86_64)' </msg>
<msg timestamp="20170907 11:16:47.584" level="ERROR">'bool' object has no attribute 'text'</msg>
<msg timestamp="20170907 11:16:47.584" level="INFO"> lib.webinterface / clear_web_alerts  (&lt;lib.plweb.ProductLinkWeb object at 0x0366ED70&gt;,)</msg>
<msg timestamp="20170907 11:16:47.584" level="ERROR">'WebDriver' object has no attribute 'switch_to'</msg>
<msg timestamp="20170907 11:16:47.584" level="INFO"> lib.webinterface / find_element_by_xpath  (&lt;lib.plweb.ProductLinkWeb object at 0x0366ED70&gt;, './/*[@onclick="window.customAlert.ok()"]')</msg>
<msg timestamp="20170907 11:16:47.585" level="INFO"> lib.webinterface / generate_xpath_structure  ('.//*[@onclick="window.customAlert.ok()"]',)</msg>
<msg timestamp="20170907 11:16:47.585" level="INFO"> lib.webinterface / is_element_present  (&lt;lib.plweb.ProductLinkWeb object at 0x0366ED70&gt;, './/*[@onclick="window.customAlert.ok()"]')</msg>
<msg timestamp="20170907 11:16:47.585" level="INFO"> lib.webinterface / generate_xpath_structure  ('.//*[@onclick="window.customAlert.ok()"]',)</msg>
<msg timestamp="20170907 11:16:50.649" level="ERROR"> lib.webinterface / is_element_present  (&lt;lib.plweb.ProductLinkWeb object at 0x0366ED70&gt;, './/*[@onclick="window.customAlert.ok()"]')  Message: u'no such element: Unable to locate element: {"method":"xpath","selector":".//*[@onclick="window.customAlert.ok()"]"}\n  (Session info: chrome=60.0.3112.113)\n  (Driver info: chromedriver=2.29.461591 (62ebf098771772160f391d75e589dc567915b233),platform=Windows NT 6.1.7601 SP1 x86_64)' </msg>
<msg timestamp="20170907 11:16:50.649" level="ERROR">'bool' object has no attribute 'text'</msg>
<msg timestamp="20170907 11:16:50.649" level="INFO"> lib.webinterface / find_element_by_xpath  (&lt;lib.plweb.ProductLinkWeb object at 0x0366ED70&gt;, './/*[@onclick="window.customConfirm.ok()"]')</msg>
<msg timestamp="20170907 11:16:50.649" level="INFO"> lib.webinterface / generate_xpath_structure  ('.//*[@onclick="window.customConfirm.ok()"]',)</msg>
<msg timestamp="20170907 11:16:50.649" level="INFO"> lib.webinterface / is_element_present  (&lt;lib.plweb.ProductLinkWeb object at 0x0366ED70&gt;, './/*[@onclick="window.customConfirm.ok()"]')</msg>
<msg timestamp="20170907 11:16:50.650" level="INFO"> lib.webinterface / generate_xpath_structure  ('.//*[@onclick="window.customConfirm.ok()"]',)</msg>
<msg timestamp="20170907 11:16:53.713" level="ERROR"> lib.webinterface / is_element_present  (&lt;lib.plweb.ProductLinkWeb object at 0x0366ED70&gt;, './/*[@onclick="window.customConfirm.ok()"]')  Message: u'no such element: Unable to locate element: {"method":"xpath","selector":".//*[@onclick="window.customConfirm.ok()"]"}\n  (Session info: chrome=60.0.3112.113)\n  (Driver info: chromedriver=2.29.461591 (62ebf098771772160f391d75e589dc567915b233),platform=Windows NT 6.1.7601 SP1 x86_64)' </msg>
<msg timestamp="20170907 11:16:53.713" level="ERROR">'bool' object has no attribute 'text'</msg>
<msg timestamp="20170907 11:16:53.714" level="INFO"> lib.webinterface / wait_till_delay  (&lt;lib.plweb.ProductLinkWeb object at 0x0366ED70&gt;, ".//*[@class='MapPushpinBase']", 60)</msg>
<msg timestamp="20170907 11:16:53.714" level="INFO"> lib.webinterface / generate_xpath_structure  (".//*[@class='MapPushpinBase']",)</msg>
<msg timestamp="20170907 11:16:53.769" level="INFO"> lib.webinterface / is_element_present  (&lt;lib.plweb.ProductLinkWeb object at 0x0366ED70&gt;, ".//*[@ng-href='#/tel_home']")</msg>
<msg timestamp="20170907 11:16:53.769" level="INFO"> lib.webinterface / generate_xpath_structure  (".//*[@ng-href='#/tel_home']",)</msg>
<msg timestamp="20170907 11:16:53.797" level="INFO"> lib.webinterface / scroll_to_view_element  (&lt;lib.plweb.ProductLinkWeb object at 0x0366ED70&gt;, &lt;selenium.webdriver.remote.webelement.WebElement object at 0x0366EA10&gt;)</msg>
<msg timestamp="20170907 11:16:55.850" level="INFO"> lib.plweb / global_search  (&lt;lib.plweb.ProductLinkWeb object at 0x0366ED70&gt;, 'QPE64102')</msg>
<msg timestamp="20170907 11:16:55.850" level="INFO"> lib.webinterface / click  (&lt;lib.plweb.ProductLinkWeb object at 0x0366ED70&gt;, '//*[@class="search"]')</msg>
<msg timestamp="20170907 11:16:55.850" level="INFO"> lib.webinterface / generate_xpath_structure  ('//*[@class="search"]',)</msg>
<msg timestamp="20170907 11:16:55.850" level="INFO"> lib.webinterface / find_element_by_xpath  (&lt;lib.plweb.ProductLinkWeb object at 0x0366ED70&gt;, '//*[@class="search"]')</msg>
<msg timestamp="20170907 11:16:55.850" level="INFO"> lib.webinterface / generate_xpath_structure  ('//*[@class="search"]',)</msg>
<msg timestamp="20170907 11:16:55.850" level="INFO"> lib.webinterface / is_element_present  (&lt;lib.plweb.ProductLinkWeb object at 0x0366ED70&gt;, '//*[@class="search"]')</msg>
<msg timestamp="20170907 11:16:55.850" level="INFO"> lib.webinterface / generate_xpath_structure  ('//*[@class="search"]',)</msg>
<msg timestamp="20170907 11:16:55.881" level="INFO"> lib.webinterface / scroll_to_view_element  (&lt;lib.plweb.ProductLinkWeb object at 0x0366ED70&gt;, &lt;selenium.webdriver.remote.webelement.WebElement object at 0x0366E9F0&gt;)</msg>
<msg timestamp="20170907 11:16:56.941" level="INFO"> lib.webinterface / scroll_to_view_element  (&lt;lib.plweb.ProductLinkWeb object at 0x0366ED70&gt;, &lt;selenium.webdriver.remote.webelement.WebElement object at 0x0366ECB0&gt;)</msg>
<msg timestamp="20170907 11:17:00.071" level="INFO"> lib.webinterface / input  (&lt;lib.plweb.ProductLinkWeb object at 0x0366ED70&gt;, ".//*[@class='searchSection']/input[@ng-model='searchTerm']", 'QPE64102')</msg>
<msg timestamp="20170907 11:17:00.071" level="INFO"> lib.webinterface / generate_xpath_structure  (".//*[@class='searchSection']/input[@ng-model='searchTerm']",)</msg>
<msg timestamp="20170907 11:17:00.071" level="INFO"> lib.webinterface / find_element_by_xpath  (&lt;lib.plweb.ProductLinkWeb object at 0x0366ED70&gt;, ".//*[@class='searchSection']/input[@ng-model='searchTerm']")</msg>
<msg timestamp="20170907 11:17:00.071" level="INFO"> lib.webinterface / generate_xpath_structure  (".//*[@class='searchSection']/input[@ng-model='searchTerm']",)</msg>
<msg timestamp="20170907 11:17:00.071" level="INFO"> lib.webinterface / is_element_present  (&lt;lib.plweb.ProductLinkWeb object at 0x0366ED70&gt;, ".//*[@class='searchSection']/input[@ng-model='searchTerm']")</msg>
<msg timestamp="20170907 11:17:00.071" level="INFO"> lib.webinterface / generate_xpath_structure  (".//*[@class='searchSection']/input[@ng-model='searchTerm']",)</msg>
<msg timestamp="20170907 11:17:00.099" level="INFO"> lib.webinterface / scroll_to_view_element  (&lt;lib.plweb.ProductLinkWeb object at 0x0366ED70&gt;, &lt;selenium.webdriver.remote.webelement.WebElement object at 0x0366ECD0&gt;)</msg>
<msg timestamp="20170907 11:17:01.155" level="INFO"> lib.webinterface / scroll_to_view_element  (&lt;lib.plweb.ProductLinkWeb object at 0x0366ED70&gt;, &lt;selenium.webdriver.remote.webelement.WebElement object at 0x0366E9F0&gt;)</msg>
<msg timestamp="20170907 11:17:05.901" level="INFO"> lib.webinterface / click  (&lt;lib.plweb.ProductLinkWeb object at 0x0366ED70&gt;, ".//*[@class='searchSection']/button[text()='GO']")</msg>
<msg timestamp="20170907 11:17:05.901" level="INFO"> lib.webinterface / generate_xpath_structure  (".//*[@class='searchSection']/button[text()='GO']",)</msg>
<msg timestamp="20170907 11:17:05.901" level="INFO"> lib.webinterface / find_element_by_xpath  (&lt;lib.plweb.ProductLinkWeb object at 0x0366ED70&gt;, ".//*[@class='searchSection']/button[text()='GO']")</msg>
<msg timestamp="20170907 11:17:05.901" level="INFO"> lib.webinterface / generate_xpath_structure  (".//*[@class='searchSection']/button[text()='GO']",)</msg>
<msg timestamp="20170907 11:17:05.901" level="INFO"> lib.webinterface / is_element_present  (&lt;lib.plweb.ProductLinkWeb object at 0x0366ED70&gt;, ".//*[@class='searchSection']/button[text()='GO']")</msg>
<msg timestamp="20170907 11:17:05.901" level="INFO"> lib.webinterface / generate_xpath_structure  (".//*[@class='searchSection']/button[text()='GO']",)</msg>
<msg timestamp="20170907 11:17:05.933" level="INFO"> lib.webinterface / scroll_to_view_element  (&lt;lib.plweb.ProductLinkWeb object at 0x0366ED70&gt;, &lt;selenium.webdriver.remote.webelement.WebElement object at 0x0366ECD0&gt;)</msg>
<msg timestamp="20170907 11:17:06.992" level="INFO"> lib.webinterface / scroll_to_view_element  (&lt;lib.plweb.ProductLinkWeb object at 0x0366ED70&gt;, &lt;selenium.webdriver.remote.webelement.WebElement object at 0x0366E9F0&gt;)</msg>
<msg timestamp="20170907 11:17:17.121" level="INFO"> lib.webinterface / get_value  (&lt;lib.plweb.ProductLinkWeb object at 0x0366ED70&gt;, ".//*[@id='unpinnedContainer']/div[3]/div/div")</msg>
<msg timestamp="20170907 11:17:17.121" level="INFO"> lib.webinterface / generate_xpath_structure  (".//*[@id='unpinnedContainer']/div[3]/div/div",)</msg>
<msg timestamp="20170907 11:17:17.121" level="INFO"> lib.webinterface / find_element_by_xpath  (&lt;lib.plweb.ProductLinkWeb object at 0x0366ED70&gt;, ".//*[@id='unpinnedContainer']/div[3]/div/div")</msg>
<msg timestamp="20170907 11:17:17.121" level="INFO"> lib.webinterface / generate_xpath_structure  (".//*[@id='unpinnedContainer']/div[3]/div/div",)</msg>
<msg timestamp="20170907 11:17:17.121" level="INFO"> lib.webinterface / is_element_present  (&lt;lib.plweb.ProductLinkWeb object at 0x0366ED70&gt;, ".//*[@id='unpinnedContainer']/div[3]/div/div")</msg>
<msg timestamp="20170907 11:17:17.121" level="INFO"> lib.webinterface / generate_xpath_structure  (".//*[@id='unpinnedContainer']/div[3]/div/div",)</msg>
<msg timestamp="20170907 11:17:20.178" level="ERROR"> lib.webinterface / is_element_present  (&lt;lib.plweb.ProductLinkWeb object at 0x0366ED70&gt;, ".//*[@id='unpinnedContainer']/div[3]/div/div")  Message: u'no such element: Unable to locate element: {"method":"xpath","selector":".//*[@id=\'unpinnedContainer\']/div[3]/div/div"}\n  (Session info: chrome=60.0.3112.113)\n  (Driver info: chromedriver=2.29.461591 (62ebf098771772160f391d75e589dc567915b233),platform=Windows NT 6.1.7601 SP1 x86_64)' </msg>
<msg timestamp="20170907 11:17:20.178" level="ERROR">'bool' object has no attribute 'text'</msg>
<msg timestamp="20170907 11:17:20.179" level="INFO"> lib.webinterface / wait_till_delay  (&lt;lib.plweb.ProductLinkWeb object at 0x0366ED70&gt;, ".//*[text()='QPE64102']")</msg>
<msg timestamp="20170907 11:17:20.179" level="INFO"> lib.webinterface / generate_xpath_structure  (".//*[text()='QPE64102']",)</msg>
<msg timestamp="20170907 11:17:20.234" level="INFO"> lib.webinterface / jclick  (&lt;lib.plweb.ProductLinkWeb object at 0x0366ED70&gt;, './/*[@identifier="SerialNumber"]/div/a')</msg>
<msg timestamp="20170907 11:17:20.262" level="INFO"> lib.webinterface / scroll_to_view_element  (&lt;lib.plweb.ProductLinkWeb object at 0x0366ED70&gt;, &lt;selenium.webdriver.remote.webelement.WebElement object at 0x0366ECD0&gt;)</msg>
<msg timestamp="20170907 11:17:20.297" level="INFO"> lib.webinterface / wait_till_delay  (&lt;lib.plweb.ProductLinkWeb object at 0x0366ED70&gt;, './/*[@ng-if="rowData.dateLastReported12Hour"]', 30)</msg>
<msg timestamp="20170907 11:17:20.297" level="INFO"> lib.webinterface / generate_xpath_structure  ('.//*[@ng-if="rowData.dateLastReported12Hour"]',)</msg>
<msg timestamp="20170907 11:17:20.681" level="INFO">lib.webinterface / is_element_present  (&lt;lib.plweb.ProductLinkWeb object at 0x0366ED70&gt;, ".//*[@ng-href='#/tel_home']")
 lib.webinterface / generate_xpath_structure  (".//*[@ng-href='#/tel_home']",)
 lib.webinterface / is_element_present  (&lt;lib.plweb.ProductLinkWeb object at 0x0366ED70&gt;, ".//*[@ng-href='#/tel_home']")  'NoneType' object has no attribute 'find_element_by_xpath'
 lib.plweb / login  (&lt;lib.plweb.ProductLinkWeb object at 0x0366ED70&gt;, 'https://qa-productlinkweb.cat.com', 'balasa6', 'Ari5134192111#')
 lib.webinterface / enter_url  (&lt;lib.plweb.ProductLinkWeb object at 0x0366ED70&gt;, 'https://qa-productlinkweb.cat.com')
 lib.webinterface / wait_till_delay  (&lt;lib.plweb.ProductLinkWeb object at 0x0366ED70&gt;, ".//*[@id='cwsUID']")
 lib.webinterface / generate_xpath_structure  (".//*[@id='cwsUID']",)
 lib.webinterface / input  (&lt;lib.plweb.ProductLinkWeb object at 0x0366ED70&gt;, ".//*[@id='cwsUID']", 'balasa6')
 lib.webinterface / generate_xpath_structure  (".//*[@id='cwsUID']",)
 lib.webinterface / find_element_by_xpath  (&lt;lib.plweb.ProductLinkWeb object at 0x0366ED70&gt;, ".//*[@id='cwsUID']")
 lib.webinterface / generate_xpath_structure  (".//*[@id='cwsUID']",)
 lib.webinterface / is_element_present  (&lt;lib.plweb.ProductLinkWeb object at 0x0366ED70&gt;, ".//*[@id='cwsUID']")
 lib.webinterface / generate_xpath_structure  (".//*[@id='cwsUID']",)
 lib.webinterface / scroll_to_view_element  (&lt;lib.plweb.ProductLinkWeb object at 0x0366ED70&gt;, &lt;selenium.webdriver.remote.webelement.WebElement object at 0x03684570&gt;)
 lib.webinterface / scroll_to_view_element  (&lt;lib.plweb.ProductLinkWeb object at 0x0366ED70&gt;, &lt;selenium.webdriver.remote.webelement.WebElement object at 0x036845B0&gt;)
 lib.webinterface / input  (&lt;lib.plweb.ProductLinkWeb object at 0x0366ED70&gt;, ".//*[@id='cwsPwd']", 'Ari5134192111#')
 lib.webinterface / generate_xpath_structure  (".//*[@id='cwsPwd']",)
 lib.webinterface / find_element_by_xpath  (&lt;lib.plweb.ProductLinkWeb object at 0x0366ED70&gt;, ".//*[@id='cwsPwd']")
 lib.webinterface / generate_xpath_structure  (".//*[@id='cwsPwd']",)
 lib.webinterface / is_element_present  (&lt;lib.plweb.ProductLinkWeb object at 0x0366ED70&gt;, ".//*[@id='cwsPwd']")
 lib.webinterface / generate_xpath_structure  (".//*[@id='cwsPwd']",)
 lib.webinterface / scroll_to_view_element  (&lt;lib.plweb.ProductLinkWeb object at 0x0366ED70&gt;, &lt;selenium.webdriver.remote.webelement.WebElement object at 0x036845F0&gt;)
 lib.webinterface / scroll_to_view_element  (&lt;lib.plweb.ProductLinkWeb object at 0x0366ED70&gt;, &lt;selenium.webdriver.remote.webelement.WebElement object at 0x03684610&gt;)
 lib.plweb / submit  (&lt;lib.plweb.ProductLinkWeb object at 0x0366ED70&gt;,)
 lib.webinterface / click  (&lt;lib.plweb.ProductLinkWeb object at 0x0366ED70&gt;, ".//*[@id='submitButton']")
 lib.webinterface / generate_xpath_structure  (".//*[@id='submitButton']",)
 lib.webinterface / find_element_by_xpath  (&lt;lib.plweb.ProductLinkWeb object at 0x0366ED70&gt;, ".//*[@id='submitButton']")
 lib.webinterface / generate_xpath_structure  (".//*[@id='submitButton']",)
 lib.webinterface / is_element_present  (&lt;lib.plweb.ProductLinkWeb object at 0x0366ED70&gt;, ".//*[@id='submitButton']")
 lib.webinterface / generate_xpath_structure  (".//*[@id='submitButton']",)
 lib.webinterface / scroll_to_view_element  (&lt;lib.plweb.ProductLinkWeb object at 0x0366ED70&gt;, &lt;selenium.webdriver.remote.webelement.WebElement object at 0x036847B0&gt;)
 lib.webinterface / scroll_to_view_element  (&lt;lib.plweb.ProductLinkWeb object at 0x0366ED70&gt;, &lt;selenium.webdriver.remote.webelement.WebElement object at 0x03684830&gt;)
 lib.webinterface / wait_till_delay  (&lt;lib.plweb.ProductLinkWeb object at 0x0366ED70&gt;, './/*[@class="catlogo"]')
 lib.webinterface / generate_xpath_structure  ('.//*[@class="catlogo"]',)
 lib.webinterface / is_element_present  (&lt;lib.plweb.ProductLinkWeb object at 0x0366ED70&gt;, './/*[@class="catlogo"]')
 lib.webinterface / generate_xpath_structure  ('.//*[@class="catlogo"]',)
 lib.webinterface / scroll_to_view_element  (&lt;lib.plweb.ProductLinkWeb object at 0x0366ED70&gt;, &lt;selenium.webdriver.remote.webelement.WebElement object at 0x036849F0&gt;)
 lib.webinterface / is_element_present  (&lt;lib.plweb.ProductLinkWeb object at 0x0366ED70&gt;, './/*[@id="login_status"]')
 lib.webinterface / generate_xpath_structure  ('.//*[@id="login_status"]',)
 lib.webinterface / is_element_present  (&lt;lib.plweb.ProductLinkWeb object at 0x0366ED70&gt;, './/*[@id="login_status"]')  Message: u'no such element: Unable to locate element: {"method":"xpath","selector":".//*[@id="login_status"]"}\n  (Session info: chrome=60.0.3112.113)\n  (Driver info: chromedriver=2.29.461591 (62ebf098771772160f391d75e589dc567915b233),platform=Windows NT 6.1.7601 SP1 x86_64)' 
 lib.webinterface / clear_web_alerts  (&lt;lib.plweb.ProductLinkWeb object at 0x0366ED70&gt;,)
 lib.webinterface / find_element_by_xpath  (&lt;lib.plweb.ProductLinkWeb object at 0x0366ED70&gt;, './/*[@onclick="window.customAlert.ok()"]')
 lib.webinterface / generate_xpath_structure  ('.//*[@onclick="window.customAlert.ok()"]',)
 lib.webinterface / is_element_present  (&lt;lib.plweb.ProductLinkWeb object at 0x0366ED70&gt;, './/*[@onclick="window.customAlert.ok()"]')
 lib.webinterface / generate_xpath_structure  ('.//*[@onclick="window.customAlert.ok()"]',)
 lib.webinterface / is_element_present  (&lt;lib.plweb.ProductLinkWeb object at 0x0366ED70&gt;, './/*[@onclick="window.customAlert.ok()"]')  Message: u'no such element: Unable to locate element: {"method":"xpath","selector":".//*[@onclick="window.customAlert.ok()"]"}\n  (Session info: chrome=60.0.3112.113)\n  (Driver info: chromedriver=2.29.461591 (62ebf098771772160f391d75e589dc567915b233),platform=Windows NT 6.1.7601 SP1 x86_64)' 
 lib.webinterface / find_element_by_xpath  (&lt;lib.plweb.ProductLinkWeb object at 0x0366ED70&gt;, './/*[@onclick="window.customConfirm.ok()"]')
 lib.webinterface / generate_xpath_structure  ('.//*[@onclick="window.customConfirm.ok()"]',)
 lib.webinterface / is_element_present  (&lt;lib.plweb.ProductLinkWeb object at 0x0366ED70&gt;, './/*[@onclick="window.customConfirm.ok()"]')
 lib.webinterface / generate_xpath_structure  ('.//*[@onclick="window.customConfirm.ok()"]',)
 lib.webinterface / is_element_present  (&lt;lib.plweb.ProductLinkWeb object at 0x0366ED70&gt;, './/*[@onclick="window.customConfirm.ok()"]')  Message: u'no such element: Unable to locate element: {"method":"xpath","selector":".//*[@onclick="window.customConfirm.ok()"]"}\n  (Session info: chrome=60.0.3112.113)\n  (Driver info: chromedriver=2.29.461591 (62ebf098771772160f391d75e589dc567915b233),platform=Windows NT 6.1.7601 SP1 x86_64)' 
 lib.webinterface / clear_web_alerts  (&lt;lib.plweb.ProductLinkWeb object at 0x0366ED70&gt;,)
 lib.webinterface / find_element_by_xpath  (&lt;lib.plweb.ProductLinkWeb object at 0x0366ED70&gt;, './/*[@onclick="window.customAlert.ok()"]')
 lib.webinterface / generate_xpath_structure  ('.//*[@onclick="window.customAlert.ok()"]',)
 lib.webinterface / is_element_present  (&lt;lib.plweb.ProductLinkWeb object at 0x0366ED70&gt;, './/*[@onclick="window.customAlert.ok()"]')
 lib.webinterface / generate_xpath_structure  ('.//*[@onclick="window.customAlert.ok()"]',)
 lib.webinterface / is_element_present  (&lt;lib.plweb.ProductLinkWeb object at 0x0366ED70&gt;, './/*[@onclick="window.customAlert.ok()"]')  Message: u'no such element: Unable to locate element: {"method":"xpath","selector":".//*[@onclick="window.customAlert.ok()"]"}\n  (Session info: chrome=60.0.3112.113)\n  (Driver info: chromedriver=2.29.461591 (62ebf098771772160f391d75e589dc567915b233),platform=Windows NT 6.1.7601 SP1 x86_64)' 
 lib.webinterface / find_element_by_xpath  (&lt;lib.plweb.ProductLinkWeb object at 0x0366ED70&gt;, './/*[@onclick="window.customConfirm.ok()"]')
 lib.webinterface / generate_xpath_structure  ('.//*[@onclick="window.customConfirm.ok()"]',)
 lib.webinterface / is_element_present  (&lt;lib.plweb.ProductLinkWeb object at 0x0366ED70&gt;, './/*[@onclick="window.customConfirm.ok()"]')
 lib.webinterface / generate_xpath_structure  ('.//*[@onclick="window.customConfirm.ok()"]',)
 lib.webinterface / is_element_present  (&lt;lib.plweb.ProductLinkWeb object at 0x0366ED70&gt;, './/*[@onclick="window.customConfirm.ok()"]')  Message: u'no such element: Unable to locate element: {"method":"xpath","selector":".//*[@onclick="window.customConfirm.ok()"]"}\n  (Session info: chrome=60.0.3112.113)\n  (Driver info: chromedriver=2.29.461591 (62ebf098771772160f391d75e589dc567915b233),platform=Windows NT 6.1.7601 SP1 x86_64)' 
 lib.webinterface / clear_web_alerts  (&lt;lib.plweb.ProductLinkWeb object at 0x0366ED70&gt;,)
 lib.webinterface / find_element_by_xpath  (&lt;lib.plweb.ProductLinkWeb object at 0x0366ED70&gt;, './/*[@onclick="window.customAlert.ok()"]')
 lib.webinterface / generate_xpath_structure  ('.//*[@onclick="window.customAlert.ok()"]',)
 lib.webinterface / is_element_present  (&lt;lib.plweb.ProductLinkWeb object at 0x0366ED70&gt;, './/*[@onclick="window.customAlert.ok()"]')
 lib.webinterface / generate_xpath_structure  ('.//*[@onclick="window.customAlert.ok()"]',)
 lib.webinterface / is_element_present  (&lt;lib.plweb.ProductLinkWeb object at 0x0366ED70&gt;, './/*[@onclick="window.customAlert.ok()"]')  Message: u'no such element: Unable to locate element: {"method":"xpath","selector":".//*[@onclick="window.customAlert.ok()"]"}\n  (Session info: chrome=60.0.3112.113)\n  (Driver info: chromedriver=2.29.461591 (62ebf098771772160f391d75e589dc567915b233),platform=Windows NT 6.1.7601 SP1 x86_64)' 
 lib.webinterface / find_element_by_xpath  (&lt;lib.plweb.ProductLinkWeb object at 0x0366ED70&gt;, './/*[@onclick="window.customConfirm.ok()"]')
 lib.webinterface / generate_xpath_structure  ('.//*[@onclick="window.customConfirm.ok()"]',)
 lib.webinterface / is_element_present  (&lt;lib.plweb.ProductLinkWeb object at 0x0366ED70&gt;, './/*[@onclick="window.customConfirm.ok()"]')
 lib.webinterface / generate_xpath_structure  ('.//*[@onclick="window.customConfirm.ok()"]',)
 lib.webinterface / is_element_present  (&lt;lib.plweb.ProductLinkWeb object at 0x0366ED70&gt;, './/*[@onclick="window.customConfirm.ok()"]')  Message: u'no such element: Unable to locate element: {"method":"xpath","selector":".//*[@onclick="window.customConfirm.ok()"]"}\n  (Session info: chrome=60.0.3112.113)\n  (Driver info: chromedriver=2.29.461591 (62ebf098771772160f391d75e589dc567915b233),platform=Windows NT 6.1.7601 SP1 x86_64)' 
 lib.webinterface / wait_till_delay  (&lt;lib.plweb.ProductLinkWeb object at 0x0366ED70&gt;, ".//*[@class='MapPushpinBase']", 60)
 lib.webinterface / generate_xpath_structure  (".//*[@class='MapPushpinBase']",)
 lib.webinterface / is_element_present  (&lt;lib.plweb.ProductLinkWeb object at 0x0366ED70&gt;, ".//*[@ng-href='#/tel_home']")
 lib.webinterface / generate_xpath_structure  (".//*[@ng-href='#/tel_home']",)
 lib.webinterface / scroll_to_view_element  (&lt;lib.plweb.ProductLinkWeb object at 0x0366ED70&gt;, &lt;selenium.webdriver.remote.webelement.WebElement object at 0x0366EA10&gt;)
 lib.plweb / global_search  (&lt;lib.plweb.ProductLinkWeb object at 0x0366ED70&gt;, 'QPE64102')
 lib.webinterface / click  (&lt;lib.plweb.ProductLinkWeb object at 0x0366ED70&gt;, '//*[@class="search"]')
 lib.webinterface / generate_xpath_structure  ('//*[@class="search"]',)
 lib.webinterface / find_element_by_xpath  (&lt;lib.plweb.ProductLinkWeb object at 0x0366ED70&gt;, '//*[@class="search"]')
 lib.webinterface / generate_xpath_structure  ('//*[@class="search"]',)
 lib.webinterface / is_element_present  (&lt;lib.plweb.ProductLinkWeb object at 0x0366ED70&gt;, '//*[@class="search"]')
 lib.webinterface / generate_xpath_structure  ('//*[@class="search"]',)
 lib.webinterface / scroll_to_view_element  (&lt;lib.plweb.ProductLinkWeb object at 0x0366ED70&gt;, &lt;selenium.webdriver.remote.webelement.WebElement object at 0x0366E9F0&gt;)
 lib.webinterface / scroll_to_view_element  (&lt;lib.plweb.ProductLinkWeb object at 0x0366ED70&gt;, &lt;selenium.webdriver.remote.webelement.WebElement object at 0x0366ECB0&gt;)
 lib.webinterface / input  (&lt;lib.plweb.ProductLinkWeb object at 0x0366ED70&gt;, ".//*[@class='searchSection']/input[@ng-model='searchTerm']", 'QPE64102')
 lib.webinterface / generate_xpath_structure  (".//*[@class='searchSection']/input[@ng-model='searchTerm']",)
 lib.webinterface / find_element_by_xpath  (&lt;lib.plweb.ProductLinkWeb object at 0x0366ED70&gt;, ".//*[@class='searchSection']/input[@ng-model='searchTerm']")
 lib.webinterface / generate_xpath_structure  (".//*[@class='searchSection']/input[@ng-model='searchTerm']",)
 lib.webinterface / is_element_present  (&lt;lib.plweb.ProductLinkWeb object at 0x0366ED70&gt;, ".//*[@class='searchSection']/input[@ng-model='searchTerm']")
 lib.webinterface / generate_xpath_structure  (".//*[@class='searchSection']/input[@ng-model='searchTerm']",)
 lib.webinterface / scroll_to_view_element  (&lt;lib.plweb.ProductLinkWeb object at 0x0366ED70&gt;, &lt;selenium.webdriver.remote.webelement.WebElement object at 0x0366ECD0&gt;)
 lib.webinterface / scroll_to_view_element  (&lt;lib.plweb.ProductLinkWeb object at 0x0366ED70&gt;, &lt;selenium.webdriver.remote.webelement.WebElement object at 0x0366E9F0&gt;)
 lib.webinterface / click  (&lt;lib.plweb.ProductLinkWeb object at 0x0366ED70&gt;, ".//*[@class='searchSection']/button[text()='GO']")
 lib.webinterface / generate_xpath_structure  (".//*[@class='searchSection']/button[text()='GO']",)
 lib.webinterface / find_element_by_xpath  (&lt;lib.plweb.ProductLinkWeb object at 0x0366ED70&gt;, ".//*[@class='searchSection']/button[text()='GO']")
 lib.webinterface / generate_xpath_structure  (".//*[@class='searchSection']/button[text()='GO']",)
 lib.webinterface / is_element_present  (&lt;lib.plweb.ProductLinkWeb object at 0x0366ED70&gt;, ".//*[@class='searchSection']/button[text()='GO']")
 lib.webinterface / generate_xpath_structure  (".//*[@class='searchSection']/button[text()='GO']",)
 lib.webinterface / scroll_to_view_element  (&lt;lib.plweb.ProductLinkWeb object at 0x0366ED70&gt;, &lt;selenium.webdriver.remote.webelement.WebElement object at 0x0366ECD0&gt;)
 lib.webinterface / scroll_to_view_element  (&lt;lib.plweb.ProductLinkWeb object at 0x0366ED70&gt;, &lt;selenium.webdriver.remote.webelement.WebElement object at 0x0366E9F0&gt;)
 lib.webinterface / get_value  (&lt;lib.plweb.ProductLinkWeb object at 0x0366ED70&gt;, ".//*[@id='unpinnedContainer']/div[3]/div/div")
 lib.webinterface / generate_xpath_structure  (".//*[@id='unpinnedContainer']/div[3]/div/div",)
 lib.webinterface / find_element_by_xpath  (&lt;lib.plweb.ProductLinkWeb object at 0x0366ED70&gt;, ".//*[@id='unpinnedContainer']/div[3]/div/div")
 lib.webinterface / generate_xpath_structure  (".//*[@id='unpinnedContainer']/div[3]/div/div",)
 lib.webinterface / is_element_present  (&lt;lib.plweb.ProductLinkWeb object at 0x0366ED70&gt;, ".//*[@id='unpinnedContainer']/div[3]/div/div")
 lib.webinterface / generate_xpath_structure  (".//*[@id='unpinnedContainer']/div[3]/div/div",)
 lib.webinterface / is_element_present  (&lt;lib.plweb.ProductLinkWeb object at 0x0366ED70&gt;, ".//*[@id='unpinnedContainer']/div[3]/div/div")  Message: u'no such element: Unable to locate element: {"method":"xpath","selector":".//*[@id=\'unpinnedContainer\']/div[3]/div/div"}\n  (Session info: chrome=60.0.3112.113)\n  (Driver info: chromedriver=2.29.461591 (62ebf098771772160f391d75e589dc567915b233),platform=Windows NT 6.1.7601 SP1 x86_64)' 
 lib.webinterface / wait_till_delay  (&lt;lib.plweb.ProductLinkWeb object at 0x0366ED70&gt;, ".//*[text()='QPE64102']")
 lib.webinterface / generate_xpath_structure  (".//*[text()='QPE64102']",)
 lib.webinterface / jclick  (&lt;lib.plweb.ProductLinkWeb object at 0x0366ED70&gt;, './/*[@identifier="SerialNumber"]/div/a')
 lib.webinterface / scroll_to_view_element  (&lt;lib.plweb.ProductLinkWeb object at 0x0366ED70&gt;, &lt;selenium.webdriver.remote.webelement.WebElement object at 0x0366ECD0&gt;)
 lib.webinterface / wait_till_delay  (&lt;lib.plweb.ProductLinkWeb object at 0x0366ED70&gt;, './/*[@ng-if="rowData.dateLastReported12Hour"]', 30)
 lib.webinterface / generate_xpath_structure  ('.//*[@ng-if="rowData.dateLastReported12Hour"]',)</msg>
<status status="PASS" endtime="20170907 11:17:20.681" starttime="20170907 11:16:10.167"></status>
</kw>
<status status="PASS" endtime="20170907 11:17:20.682" starttime="20170907 11:16:10.167"></status>
</kw>
<test id="s1-s1-t1" name="TC 240787 Asset Status_006_xP_Not Available">
<kw name="PLWEB Asset Status" library="plweb_keywords">
<assign>
<var>${text}</var>
</assign>
<kw name="PLWEB Get asset status" library="plweb_actions">
<arguments>
<arg>${ASSETID}</arg>
</arguments>
<assign>
<var>${val}</var>
</assign>
<msg timestamp="20170907 11:17:20.683" level="INFO"> lib.plweb.equipdetailspage.equipdetailspage / go_to_details_page  (&lt;lib.plweb.equipdetailspage.equipdetailspage.EquipmentDetailsPage object at 0x0366EDD0&gt;, 'QPE64102')</msg>
<msg timestamp="20170907 11:17:20.683" level="INFO"> lib.plweb / global_search  (&lt;lib.plweb.ProductLinkWeb object at 0x0366ED70&gt;, 'QPE64102')</msg>
<msg timestamp="20170907 11:17:20.683" level="INFO"> lib.webinterface / click  (&lt;lib.plweb.ProductLinkWeb object at 0x0366ED70&gt;, '//*[@class="search"]')</msg>
<msg timestamp="20170907 11:17:20.683" level="INFO"> lib.webinterface / generate_xpath_structure  ('//*[@class="search"]',)</msg>
<msg timestamp="20170907 11:17:20.683" level="INFO"> lib.webinterface / find_element_by_xpath  (&lt;lib.plweb.ProductLinkWeb object at 0x0366ED70&gt;, '//*[@class="search"]')</msg>
<msg timestamp="20170907 11:17:20.683" level="INFO"> lib.webinterface / generate_xpath_structure  ('//*[@class="search"]',)</msg>
<msg timestamp="20170907 11:17:20.683" level="INFO"> lib.webinterface / is_element_present  (&lt;lib.plweb.ProductLinkWeb object at 0x0366ED70&gt;, '//*[@class="search"]')</msg>
<msg timestamp="20170907 11:17:20.683" level="INFO"> lib.webinterface / generate_xpath_structure  ('//*[@class="search"]',)</msg>
<msg timestamp="20170907 11:17:20.725" level="INFO"> lib.webinterface / scroll_to_view_element  (&lt;lib.plweb.ProductLinkWeb object at 0x0366ED70&gt;, &lt;selenium.webdriver.remote.webelement.WebElement object at 0x03684C90&gt;)</msg>
<msg timestamp="20170907 11:17:21.791" level="INFO"> lib.webinterface / scroll_to_view_element  (&lt;lib.plweb.ProductLinkWeb object at 0x0366ED70&gt;, &lt;selenium.webdriver.remote.webelement.WebElement object at 0x03684BB0&gt;)</msg>
<msg timestamp="20170907 11:17:24.870" level="INFO"> lib.webinterface / input  (&lt;lib.plweb.ProductLinkWeb object at 0x0366ED70&gt;, ".//*[@class='searchSection']/input[@ng-model='searchTerm']", 'QPE64102')</msg>
<msg timestamp="20170907 11:17:24.870" level="INFO"> lib.webinterface / generate_xpath_structure  (".//*[@class='searchSection']/input[@ng-model='searchTerm']",)</msg>
<msg timestamp="20170907 11:17:24.870" level="INFO"> lib.webinterface / find_element_by_xpath  (&lt;lib.plweb.ProductLinkWeb object at 0x0366ED70&gt;, ".//*[@class='searchSection']/input[@ng-model='searchTerm']")</msg>
<msg timestamp="20170907 11:17:24.870" level="INFO"> lib.webinterface / generate_xpath_structure  (".//*[@class='searchSection']/input[@ng-model='searchTerm']",)</msg>
<msg timestamp="20170907 11:17:24.870" level="INFO"> lib.webinterface / is_element_present  (&lt;lib.plweb.ProductLinkWeb object at 0x0366ED70&gt;, ".//*[@class='searchSection']/input[@ng-model='searchTerm']")</msg>
<msg timestamp="20170907 11:17:24.870" level="INFO"> lib.webinterface / generate_xpath_structure  (".//*[@class='searchSection']/input[@ng-model='searchTerm']",)</msg>
<msg timestamp="20170907 11:17:24.892" level="INFO"> lib.webinterface / scroll_to_view_element  (&lt;lib.plweb.ProductLinkWeb object at 0x0366ED70&gt;, &lt;selenium.webdriver.remote.webelement.WebElement object at 0x03684DF0&gt;)</msg>
<msg timestamp="20170907 11:17:25.944" level="INFO"> lib.webinterface / scroll_to_view_element  (&lt;lib.plweb.ProductLinkWeb object at 0x0366ED70&gt;, &lt;selenium.webdriver.remote.webelement.WebElement object at 0x03684D90&gt;)</msg>
<msg timestamp="20170907 11:17:30.550" level="INFO"> lib.webinterface / click  (&lt;lib.plweb.ProductLinkWeb object at 0x0366ED70&gt;, ".//*[@class='searchSection']/button[text()='GO']")</msg>
<msg timestamp="20170907 11:17:30.550" level="INFO"> lib.webinterface / generate_xpath_structure  (".//*[@class='searchSection']/button[text()='GO']",)</msg>
<msg timestamp="20170907 11:17:30.550" level="INFO"> lib.webinterface / find_element_by_xpath  (&lt;lib.plweb.ProductLinkWeb object at 0x0366ED70&gt;, ".//*[@class='searchSection']/button[text()='GO']")</msg>
<msg timestamp="20170907 11:17:30.550" level="INFO"> lib.webinterface / generate_xpath_structure  (".//*[@class='searchSection']/button[text()='GO']",)</msg>
<msg timestamp="20170907 11:17:30.550" level="INFO"> lib.webinterface / is_element_present  (&lt;lib.plweb.ProductLinkWeb object at 0x0366ED70&gt;, ".//*[@class='searchSection']/button[text()='GO']")</msg>
<msg timestamp="20170907 11:17:30.550" level="INFO"> lib.webinterface / generate_xpath_structure  (".//*[@class='searchSection']/button[text()='GO']",)</msg>
<msg timestamp="20170907 11:17:30.570" level="INFO"> lib.webinterface / scroll_to_view_element  (&lt;lib.plweb.ProductLinkWeb object at 0x0366ED70&gt;, &lt;selenium.webdriver.remote.webelement.WebElement object at 0x03684E70&gt;)</msg>
<msg timestamp="20170907 11:17:31.621" level="INFO"> lib.webinterface / scroll_to_view_element  (&lt;lib.plweb.ProductLinkWeb object at 0x0366ED70&gt;, &lt;selenium.webdriver.remote.webelement.WebElement object at 0x03684EF0&gt;)</msg>
<msg timestamp="20170907 11:17:41.701" level="INFO"> lib.webinterface / get_value  (&lt;lib.plweb.ProductLinkWeb object at 0x0366ED70&gt;, ".//*[@id='unpinnedContainer']/div[3]/div/div")</msg>
<msg timestamp="20170907 11:17:41.701" level="INFO"> lib.webinterface / generate_xpath_structure  (".//*[@id='unpinnedContainer']/div[3]/div/div",)</msg>
<msg timestamp="20170907 11:17:41.701" level="INFO"> lib.webinterface / find_element_by_xpath  (&lt;lib.plweb.ProductLinkWeb object at 0x0366ED70&gt;, ".//*[@id='unpinnedContainer']/div[3]/div/div")</msg>
<msg timestamp="20170907 11:17:41.701" level="INFO"> lib.webinterface / generate_xpath_structure  (".//*[@id='unpinnedContainer']/div[3]/div/div",)</msg>
<msg timestamp="20170907 11:17:41.701" level="INFO"> lib.webinterface / is_element_present  (&lt;lib.plweb.ProductLinkWeb object at 0x0366ED70&gt;, ".//*[@id='unpinnedContainer']/div[3]/div/div")</msg>
<msg timestamp="20170907 11:17:41.701" level="INFO"> lib.webinterface / generate_xpath_structure  (".//*[@id='unpinnedContainer']/div[3]/div/div",)</msg>
<msg timestamp="20170907 11:17:44.757" level="ERROR"> lib.webinterface / is_element_present  (&lt;lib.plweb.ProductLinkWeb object at 0x0366ED70&gt;, ".//*[@id='unpinnedContainer']/div[3]/div/div")  Message: u'no such element: Unable to locate element: {"method":"xpath","selector":".//*[@id=\'unpinnedContainer\']/div[3]/div/div"}\n  (Session info: chrome=60.0.3112.113)\n  (Driver info: chromedriver=2.29.461591 (62ebf098771772160f391d75e589dc567915b233),platform=Windows NT 6.1.7601 SP1 x86_64)' </msg>
<msg timestamp="20170907 11:17:44.757" level="ERROR">'bool' object has no attribute 'text'</msg>
<msg timestamp="20170907 11:17:44.757" level="INFO"> lib.webinterface / wait_till_delay  (&lt;lib.plweb.ProductLinkWeb object at 0x0366ED70&gt;, ".//*[text()='QPE64102']")</msg>
<msg timestamp="20170907 11:17:44.757" level="INFO"> lib.webinterface / generate_xpath_structure  (".//*[text()='QPE64102']",)</msg>
<msg timestamp="20170907 11:17:44.807" level="INFO"> lib.webinterface / jclick  (&lt;lib.plweb.ProductLinkWeb object at 0x0366ED70&gt;, './/*[@identifier="SerialNumber"]/div/a')</msg>
<msg timestamp="20170907 11:17:44.827" level="INFO"> lib.webinterface / scroll_to_view_element  (&lt;lib.plweb.ProductLinkWeb object at 0x0366ED70&gt;, &lt;selenium.webdriver.remote.webelement.WebElement object at 0x03684FF0&gt;)</msg>
<msg timestamp="20170907 11:17:44.874" level="INFO"> lib.webinterface / wait_till_delay  (&lt;lib.plweb.ProductLinkWeb object at 0x0366ED70&gt;, './/*[@ng-if="rowData.dateLastReported12Hour"]', 30)</msg>
<msg timestamp="20170907 11:17:44.874" level="INFO"> lib.webinterface / generate_xpath_structure  ('.//*[@ng-if="rowData.dateLastReported12Hour"]',)</msg>
<msg timestamp="20170907 11:17:50.094" level="INFO"> lib.plweb.equipdetailspage.equipdetailspage / get_gen_last_reported_status  (&lt;lib.plweb.equipdetailspage.equipdetailspage.EquipmentDetailsPage object at 0x0366EDD0&gt;,)</msg>
<msg timestamp="20170907 11:17:50.094" level="INFO"> lib.webinterface / get_value  (&lt;lib.plweb.ProductLinkWeb object at 0x0366ED70&gt;, '//*[@id="assetImageCont"]/table/tbody/tr/td[3]/div[1]/div[2]/span')</msg>
<msg timestamp="20170907 11:17:50.094" level="INFO"> lib.webinterface / generate_xpath_structure  ('//*[@id="assetImageCont"]/table/tbody/tr/td[3]/div[1]/div[2]/span',)</msg>
<msg timestamp="20170907 11:17:50.094" level="INFO"> lib.webinterface / find_element_by_xpath  (&lt;lib.plweb.ProductLinkWeb object at 0x0366ED70&gt;, '//*[@id="assetImageCont"]/table/tbody/tr/td[3]/div[1]/div[2]/span')</msg>
<msg timestamp="20170907 11:17:50.094" level="INFO"> lib.webinterface / generate_xpath_structure  ('//*[@id="assetImageCont"]/table/tbody/tr/td[3]/div[1]/div[2]/span',)</msg>
<msg timestamp="20170907 11:17:50.094" level="INFO"> lib.webinterface / is_element_present  (&lt;lib.plweb.ProductLinkWeb object at 0x0366ED70&gt;, '//*[@id="assetImageCont"]/table/tbody/tr/td[3]/div[1]/div[2]/span')</msg>
<msg timestamp="20170907 11:17:50.094" level="INFO"> lib.webinterface / generate_xpath_structure  ('//*[@id="assetImageCont"]/table/tbody/tr/td[3]/div[1]/div[2]/span',)</msg>
<msg timestamp="20170907 11:17:50.123" level="INFO"> lib.webinterface / scroll_to_view_element  (&lt;lib.plweb.ProductLinkWeb object at 0x0366ED70&gt;, &lt;selenium.webdriver.remote.webelement.WebElement object at 0x0366E730&gt;)</msg>
<msg timestamp="20170907 11:17:51.210" level="INFO">lib.plweb.equipdetailspage.equipdetailspage / go_to_details_page  (&lt;lib.plweb.equipdetailspage.equipdetailspage.EquipmentDetailsPage object at 0x0366EDD0&gt;, 'QPE64102')
 lib.plweb / global_search  (&lt;lib.plweb.ProductLinkWeb object at 0x0366ED70&gt;, 'QPE64102')
 lib.webinterface / click  (&lt;lib.plweb.ProductLinkWeb object at 0x0366ED70&gt;, '//*[@class="search"]')
 lib.webinterface / generate_xpath_structure  ('//*[@class="search"]',)
 lib.webinterface / find_element_by_xpath  (&lt;lib.plweb.ProductLinkWeb object at 0x0366ED70&gt;, '//*[@class="search"]')
 lib.webinterface / generate_xpath_structure  ('//*[@class="search"]',)
 lib.webinterface / is_element_present  (&lt;lib.plweb.ProductLinkWeb object at 0x0366ED70&gt;, '//*[@class="search"]')
 lib.webinterface / generate_xpath_structure  ('//*[@class="search"]',)
 lib.webinterface / scroll_to_view_element  (&lt;lib.plweb.ProductLinkWeb object at 0x0366ED70&gt;, &lt;selenium.webdriver.remote.webelement.WebElement object at 0x03684C90&gt;)
 lib.webinterface / scroll_to_view_element  (&lt;lib.plweb.ProductLinkWeb object at 0x0366ED70&gt;, &lt;selenium.webdriver.remote.webelement.WebElement object at 0x03684BB0&gt;)
 lib.webinterface / input  (&lt;lib.plweb.ProductLinkWeb object at 0x0366ED70&gt;, ".//*[@class='searchSection']/input[@ng-model='searchTerm']", 'QPE64102')
 lib.webinterface / generate_xpath_structure  (".//*[@class='searchSection']/input[@ng-model='searchTerm']",)
 lib.webinterface / find_element_by_xpath  (&lt;lib.plweb.ProductLinkWeb object at 0x0366ED70&gt;, ".//*[@class='searchSection']/input[@ng-model='searchTerm']")
 lib.webinterface / generate_xpath_structure  (".//*[@class='searchSection']/input[@ng-model='searchTerm']",)
 lib.webinterface / is_element_present  (&lt;lib.plweb.ProductLinkWeb object at 0x0366ED70&gt;, ".//*[@class='searchSection']/input[@ng-model='searchTerm']")
 lib.webinterface / generate_xpath_structure  (".//*[@class='searchSection']/input[@ng-model='searchTerm']",)
 lib.webinterface / scroll_to_view_element  (&lt;lib.plweb.ProductLinkWeb object at 0x0366ED70&gt;, &lt;selenium.webdriver.remote.webelement.WebElement object at 0x03684DF0&gt;)
 lib.webinterface / scroll_to_view_element  (&lt;lib.plweb.ProductLinkWeb object at 0x0366ED70&gt;, &lt;selenium.webdriver.remote.webelement.WebElement object at 0x03684D90&gt;)
 lib.webinterface / click  (&lt;lib.plweb.ProductLinkWeb object at 0x0366ED70&gt;, ".//*[@class='searchSection']/button[text()='GO']")
 lib.webinterface / generate_xpath_structure  (".//*[@class='searchSection']/button[text()='GO']",)
 lib.webinterface / find_element_by_xpath  (&lt;lib.plweb.ProductLinkWeb object at 0x0366ED70&gt;, ".//*[@class='searchSection']/button[text()='GO']")
 lib.webinterface / generate_xpath_structure  (".//*[@class='searchSection']/button[text()='GO']",)
 lib.webinterface / is_element_present  (&lt;lib.plweb.ProductLinkWeb object at 0x0366ED70&gt;, ".//*[@class='searchSection']/button[text()='GO']")
 lib.webinterface / generate_xpath_structure  (".//*[@class='searchSection']/button[text()='GO']",)
 lib.webinterface / scroll_to_view_element  (&lt;lib.plweb.ProductLinkWeb object at 0x0366ED70&gt;, &lt;selenium.webdriver.remote.webelement.WebElement object at 0x03684E70&gt;)
 lib.webinterface / scroll_to_view_element  (&lt;lib.plweb.ProductLinkWeb object at 0x0366ED70&gt;, &lt;selenium.webdriver.remote.webelement.WebElement object at 0x03684EF0&gt;)
 lib.webinterface / get_value  (&lt;lib.plweb.ProductLinkWeb object at 0x0366ED70&gt;, ".//*[@id='unpinnedContainer']/div[3]/div/div")
 lib.webinterface / generate_xpath_structure  (".//*[@id='unpinnedContainer']/div[3]/div/div",)
 lib.webinterface / find_element_by_xpath  (&lt;lib.plweb.ProductLinkWeb object at 0x0366ED70&gt;, ".//*[@id='unpinnedContainer']/div[3]/div/div")
 lib.webinterface / generate_xpath_structure  (".//*[@id='unpinnedContainer']/div[3]/div/div",)
 lib.webinterface / is_element_present  (&lt;lib.plweb.ProductLinkWeb object at 0x0366ED70&gt;, ".//*[@id='unpinnedContainer']/div[3]/div/div")
 lib.webinterface / generate_xpath_structure  (".//*[@id='unpinnedContainer']/div[3]/div/div",)
 lib.webinterface / is_element_present  (&lt;lib.plweb.ProductLinkWeb object at 0x0366ED70&gt;, ".//*[@id='unpinnedContainer']/div[3]/div/div")  Message: u'no such element: Unable to locate element: {"method":"xpath","selector":".//*[@id=\'unpinnedContainer\']/div[3]/div/div"}\n  (Session info: chrome=60.0.3112.113)\n  (Driver info: chromedriver=2.29.461591 (62ebf098771772160f391d75e589dc567915b233),platform=Windows NT 6.1.7601 SP1 x86_64)' 
 lib.webinterface / wait_till_delay  (&lt;lib.plweb.ProductLinkWeb object at 0x0366ED70&gt;, ".//*[text()='QPE64102']")
 lib.webinterface / generate_xpath_structure  (".//*[text()='QPE64102']",)
 lib.webinterface / jclick  (&lt;lib.plweb.ProductLinkWeb object at 0x0366ED70&gt;, './/*[@identifier="SerialNumber"]/div/a')
 lib.webinterface / scroll_to_view_element  (&lt;lib.plweb.ProductLinkWeb object at 0x0366ED70&gt;, &lt;selenium.webdriver.remote.webelement.WebElement object at 0x03684FF0&gt;)
 lib.webinterface / wait_till_delay  (&lt;lib.plweb.ProductLinkWeb object at 0x0366ED70&gt;, './/*[@ng-if="rowData.dateLastReported12Hour"]', 30)
 lib.webinterface / generate_xpath_structure  ('.//*[@ng-if="rowData.dateLastReported12Hour"]',)
 lib.plweb.equipdetailspage.equipdetailspage / get_gen_last_reported_status  (&lt;lib.plweb.equipdetailspage.equipdetailspage.EquipmentDetailsPage object at 0x0366EDD0&gt;,)
 lib.webinterface / get_value  (&lt;lib.plweb.ProductLinkWeb object at 0x0366ED70&gt;, '//*[@id="assetImageCont"]/table/tbody/tr/td[3]/div[1]/div[2]/span')
 lib.webinterface / generate_xpath_structure  ('//*[@id="assetImageCont"]/table/tbody/tr/td[3]/div[1]/div[2]/span',)
 lib.webinterface / find_element_by_xpath  (&lt;lib.plweb.ProductLinkWeb object at 0x0366ED70&gt;, '//*[@id="assetImageCont"]/table/tbody/tr/td[3]/div[1]/div[2]/span')
 lib.webinterface / generate_xpath_structure  ('//*[@id="assetImageCont"]/table/tbody/tr/td[3]/div[1]/div[2]/span',)
 lib.webinterface / is_element_present  (&lt;lib.plweb.ProductLinkWeb object at 0x0366ED70&gt;, '//*[@id="assetImageCont"]/table/tbody/tr/td[3]/div[1]/div[2]/span')
 lib.webinterface / generate_xpath_structure  ('//*[@id="assetImageCont"]/table/tbody/tr/td[3]/div[1]/div[2]/span',)
 lib.webinterface / scroll_to_view_element  (&lt;lib.plweb.ProductLinkWeb object at 0x0366ED70&gt;, &lt;selenium.webdriver.remote.webelement.WebElement object at 0x0366E730&gt;)</msg>
<msg timestamp="20170907 11:17:51.211" level="INFO">${val} = Not Available</msg>
<status status="PASS" endtime="20170907 11:17:51.211" starttime="20170907 11:17:20.682"></status>
</kw>
<msg timestamp="20170907 11:17:51.211" level="INFO">${text} = Not Available</msg>
<status status="PASS" endtime="20170907 11:17:51.211" starttime="20170907 11:17:20.682"></status>
</kw>
<kw name="Verify Result" library="plweb_keywords">
<arguments>
<arg>No Data</arg>
<arg>${text}</arg>
</arguments>
<kw name="Should Be Equal As Strings" library="BuiltIn">
<doc>Fails if objects are unequal after converting them to strings.</doc>
<arguments>
<arg>${Expected}</arg>
<arg>${Actual}</arg>
</arguments>
<msg timestamp="20170907 11:17:51.212" level="FAIL">No Data != Not Available</msg>
<status status="FAIL" endtime="20170907 11:17:51.212" starttime="20170907 11:17:51.211"></status>
</kw>
<status status="FAIL" endtime="20170907 11:17:51.212" starttime="20170907 11:17:51.211"></status>
</kw>
<tags>
<tag>240787</tag>
<tag>Asset_Status</tag>
<tag>plweb</tag>
</tags>
<status status="FAIL" endtime="20170907 11:17:51.212" critical="yes" starttime="20170907 11:17:20.682">No Data != Not Available</status>
</test>
<kw type="teardown" name="PLWEB Close windows" library="plweb_keywords">
<kw name="Close Plweb" library="plweb_actions">
<msg timestamp="20170907 11:17:51.213" level="INFO"> lib.plweb / close_plweb_browser  (&lt;lib.plweb.ProductLinkWeb object at 0x0366ED70&gt;,)</msg>
<msg timestamp="20170907 11:17:51.213" level="INFO"> lib.webinterface / close  (&lt;lib.plweb.ProductLinkWeb object at 0x0366ED70&gt;,)</msg>
<msg timestamp="20170907 11:17:54.363" level="INFO">lib.plweb / close_plweb_browser  (&lt;lib.plweb.ProductLinkWeb object at 0x0366ED70&gt;,)
 lib.webinterface / close  (&lt;lib.plweb.ProductLinkWeb object at 0x0366ED70&gt;,)</msg>
<status status="PASS" endtime="20170907 11:17:54.363" starttime="20170907 11:17:51.213"></status>
</kw>
<status status="PASS" endtime="20170907 11:17:54.363" starttime="20170907 11:17:51.212"></status>
</kw>
<doc>For Running Assets</doc>
<status status="FAIL" endtime="20170907 11:17:54.363" starttime="20170907 11:16:09.685"></status>
</suite>
<status status="FAIL" endtime="20170907 11:17:54.364" starttime="20170907 11:16:09.656"></status>
</suite>
<statistics>
<total>
<stat fail="1" pass="0">Critical Tests</stat>
<stat fail="1" pass="0">All Tests</stat>
</total>
<tag>
<stat fail="1" pass="0">240787</stat>
<stat fail="1" pass="0">Asset_Status</stat>
<stat fail="1" pass="0">plweb</stat>
</tag>
<suite>
<stat fail="1" id="s1" name="Test Suite" pass="0">Test Suite</stat>
<stat fail="1" id="s1-s1" name="Plweb tests" pass="0">Test Suite.Plweb tests</stat>
</suite>
</statistics>
<errors>
<msg timestamp="20170907 11:16:10.168" level="ERROR"> lib.webinterface / is_element_present  (&lt;lib.plweb.ProductLinkWeb object at 0x0366ED70&gt;, ".//*[@ng-href='#/tel_home']")  'NoneType' object has no attribute 'find_element_by_xpath'</msg>
<msg timestamp="20170907 11:16:35.434" level="ERROR"> lib.webinterface / is_element_present  (&lt;lib.plweb.ProductLinkWeb object at 0x0366ED70&gt;, './/*[@id="login_status"]')  Message: u'no such element: Unable to locate element: {"method":"xpath","selector":".//*[@id="login_status"]"}\n  (Session info: chrome=60.0.3112.113)\n  (Driver info: chromedriver=2.29.461591 (62ebf098771772160f391d75e589dc567915b233),platform=Windows NT 6.1.7601 SP1 x86_64)' </msg>
<msg timestamp="20170907 11:16:35.434" level="ERROR">'WebDriver' object has no attribute 'switch_to'</msg>
<msg timestamp="20170907 11:16:38.453" level="ERROR"> lib.webinterface / is_element_present  (&lt;lib.plweb.ProductLinkWeb object at 0x0366ED70&gt;, './/*[@onclick="window.customAlert.ok()"]')  Message: u'no such element: Unable to locate element: {"method":"xpath","selector":".//*[@onclick="window.customAlert.ok()"]"}\n  (Session info: chrome=60.0.3112.113)\n  (Driver info: chromedriver=2.29.461591 (62ebf098771772160f391d75e589dc567915b233),platform=Windows NT 6.1.7601 SP1 x86_64)' </msg>
<msg timestamp="20170907 11:16:38.454" level="ERROR">'bool' object has no attribute 'text'</msg>
<msg timestamp="20170907 11:16:41.481" level="ERROR"> lib.webinterface / is_element_present  (&lt;lib.plweb.ProductLinkWeb object at 0x0366ED70&gt;, './/*[@onclick="window.customConfirm.ok()"]')  Message: u'no such element: Unable to locate element: {"method":"xpath","selector":".//*[@onclick="window.customConfirm.ok()"]"}\n  (Session info: chrome=60.0.3112.113)\n  (Driver info: chromedriver=2.29.461591 (62ebf098771772160f391d75e589dc567915b233),platform=Windows NT 6.1.7601 SP1 x86_64)' </msg>
<msg timestamp="20170907 11:16:41.481" level="ERROR">'bool' object has no attribute 'text'</msg>
<msg timestamp="20170907 11:16:41.481" level="ERROR">'WebDriver' object has no attribute 'switch_to'</msg>
<msg timestamp="20170907 11:16:44.542" level="ERROR"> lib.webinterface / is_element_present  (&lt;lib.plweb.ProductLinkWeb object at 0x0366ED70&gt;, './/*[@onclick="window.customAlert.ok()"]')  Message: u'no such element: Unable to locate element: {"method":"xpath","selector":".//*[@onclick="window.customAlert.ok()"]"}\n  (Session info: chrome=60.0.3112.113)\n  (Driver info: chromedriver=2.29.461591 (62ebf098771772160f391d75e589dc567915b233),platform=Windows NT 6.1.7601 SP1 x86_64)' </msg>
<msg timestamp="20170907 11:16:44.543" level="ERROR">'bool' object has no attribute 'text'</msg>
<msg timestamp="20170907 11:16:47.584" level="ERROR"> lib.webinterface / is_element_present  (&lt;lib.plweb.ProductLinkWeb object at 0x0366ED70&gt;, './/*[@onclick="window.customConfirm.ok()"]')  Message: u'no such element: Unable to locate element: {"method":"xpath","selector":".//*[@onclick="window.customConfirm.ok()"]"}\n  (Session info: chrome=60.0.3112.113)\n  (Driver info: chromedriver=2.29.461591 (62ebf098771772160f391d75e589dc567915b233),platform=Windows NT 6.1.7601 SP1 x86_64)' </msg>
<msg timestamp="20170907 11:16:47.584" level="ERROR">'bool' object has no attribute 'text'</msg>
<msg timestamp="20170907 11:16:47.584" level="ERROR">'WebDriver' object has no attribute 'switch_to'</msg>
<msg timestamp="20170907 11:16:50.649" level="ERROR"> lib.webinterface / is_element_present  (&lt;lib.plweb.ProductLinkWeb object at 0x0366ED70&gt;, './/*[@onclick="window.customAlert.ok()"]')  Message: u'no such element: Unable to locate element: {"method":"xpath","selector":".//*[@onclick="window.customAlert.ok()"]"}\n  (Session info: chrome=60.0.3112.113)\n  (Driver info: chromedriver=2.29.461591 (62ebf098771772160f391d75e589dc567915b233),platform=Windows NT 6.1.7601 SP1 x86_64)' </msg>
<msg timestamp="20170907 11:16:50.649" level="ERROR">'bool' object has no attribute 'text'</msg>
<msg timestamp="20170907 11:16:53.713" level="ERROR"> lib.webinterface / is_element_present  (&lt;lib.plweb.ProductLinkWeb object at 0x0366ED70&gt;, './/*[@onclick="window.customConfirm.ok()"]')  Message: u'no such element: Unable to locate element: {"method":"xpath","selector":".//*[@onclick="window.customConfirm.ok()"]"}\n  (Session info: chrome=60.0.3112.113)\n  (Driver info: chromedriver=2.29.461591 (62ebf098771772160f391d75e589dc567915b233),platform=Windows NT 6.1.7601 SP1 x86_64)' </msg>
<msg timestamp="20170907 11:16:53.713" level="ERROR">'bool' object has no attribute 'text'</msg>
<msg timestamp="20170907 11:17:20.178" level="ERROR"> lib.webinterface / is_element_present  (&lt;lib.plweb.ProductLinkWeb object at 0x0366ED70&gt;, ".//*[@id='unpinnedContainer']/div[3]/div/div")  Message: u'no such element: Unable to locate element: {"method":"xpath","selector":".//*[@id=\'unpinnedContainer\']/div[3]/div/div"}\n  (Session info: chrome=60.0.3112.113)\n  (Driver info: chromedriver=2.29.461591 (62ebf098771772160f391d75e589dc567915b233),platform=Windows NT 6.1.7601 SP1 x86_64)' </msg>
<msg timestamp="20170907 11:17:20.178" level="ERROR">'bool' object has no attribute 'text'</msg>
<msg timestamp="20170907 11:17:44.757" level="ERROR"> lib.webinterface / is_element_present  (&lt;lib.plweb.ProductLinkWeb object at 0x0366ED70&gt;, ".//*[@id='unpinnedContainer']/div[3]/div/div")  Message: u'no such element: Unable to locate element: {"method":"xpath","selector":".//*[@id=\'unpinnedContainer\']/div[3]/div/div"}\n  (Session info: chrome=60.0.3112.113)\n  (Driver info: chromedriver=2.29.461591 (62ebf098771772160f391d75e589dc567915b233),platform=Windows NT 6.1.7601 SP1 x86_64)' </msg>
<msg timestamp="20170907 11:17:44.757" level="ERROR">'bool' object has no attribute 'text'</msg>
</errors>
</robot>
