<?xml version="1.0" encoding="UTF-8"?>
<robot generated="20170922 10:14:42.422" generator="Robot 3.0.2 (Python 2.7.11 on win32)">
<suite source="C:\Users\antons\Desktop\Robot\Robot_proj_new\Test_Suite" id="s1" name="Test Suite">
<suite source="C:\Users\antons\Desktop\Robot\Robot_proj_new\Test_Suite\FC_ProductStructures.robot" id="s1-s1" name="FC ProductStructures">
<kw type="setup" name="PLWEB Login" library="plweb_keywords">
<doc>Log in to plweb with all inputs</doc>
<kw name="PLWEB Login as user with username url and password and asset">
<arguments>
<arg>${URL}</arg>
<arg>${USER}</arg>
<arg>${PSWD}</arg>
<arg>${ASSETID}</arg>
</arguments>
<msg timestamp="20170922 10:14:43.770" level="FAIL">No keyword with name 'PLWEB Login as user with username url and password and asset' found.</msg>
<status status="FAIL" endtime="20170922 10:14:43.770" starttime="20170922 10:14:43.770"></status>
</kw>
<status status="FAIL" endtime="20170922 10:14:43.771" starttime="20170922 10:14:43.764"></status>
</kw>
<test id="s1-s1-t1" name="TC 168210 Home Page_004_xP_Fleet view_Group">
<tags>
<tag>168210</tag>
<tag>plweb</tag>
</tags>
<status status="FAIL" endtime="20170922 10:14:43.773" critical="yes" starttime="20170922 10:14:43.772">Parent suite setup failed:
No keyword with name 'PLWEB Login as user with username url and password and asset' found.</status>
</test>
<doc>For Running Assets</doc>
<status status="FAIL" endtime="20170922 10:14:43.778" starttime="20170922 10:14:43.657">Suite setup failed:
No keyword with name 'PLWEB Login as user with username url and password and asset' found.</status>
</suite>
<status status="FAIL" endtime="20170922 10:14:43.783" starttime="20170922 10:14:43.567"></status>
</suite>
<statistics>
<total>
<stat fail="1" pass="0">Critical Tests</stat>
<stat fail="1" pass="0">All Tests</stat>
</total>
<tag>
<stat fail="1" pass="0">168210</stat>
<stat fail="1" pass="0">plweb</stat>
</tag>
<suite>
<stat fail="1" id="s1" name="Test Suite" pass="0">Test Suite</stat>
<stat fail="1" id="s1-s1" name="FC ProductStructures" pass="0">Test Suite.FC ProductStructures</stat>
</suite>
</statistics>
<errors>
<msg timestamp="20170922 10:14:43.733" level="ERROR">Error in file 'C:\Users\antons\Desktop\Robot\Robot_proj_new\Test_Suite\FC_ProductStructures.robot': Importing test library 'C:\Users\antons\Desktop\Robot\Robot_proj_new\Actions\pageAction\plweb_actions.py' failed: ImportError: No module named lib
Traceback (most recent call last):
  File "C:\Users\antons\Desktop\Robot\Robot_proj_new\Actions\pageAction\plweb_actions.py", line 2, in &lt;module&gt;
    from Actions.supportfiles.common import handles
  File "C:\Users\antons\Desktop\Robot\Robot_proj_new\Actions\supportfiles\__init__.py", line 4, in &lt;module&gt;
    from lib import catch_except
PYTHONPATH:
  C:\Users\antons\Desktop\Robot\Robot_proj_new
  C:\Python27\lib\site-packages\setuptools-18.8.1-py2.7.egg
  C:\Python27\lib\site-packages\py4j-0.9-py2.7.egg
  C:\windows\system32\python27.zip
  C:\Python27\DLLs
  C:\Python27\lib
  C:\Python27\lib\plat-win
  C:\Python27\lib\lib-tk
  C:\Python27
  C:\Users\antons\AppData\Roaming\Python\Python27\site-packages
  C:\Python27\lib\site-packages
  C:\Python27\lib\site-packages\win32
  C:\Python27\lib\site-packages\win32\lib
  C:\Python27\lib\site-packages\Pythonwin
  C:\Python27\lib\site-packages\wx-2.8-msw-unicode</msg>
</errors>
</robot>
