<?xml version="1.0" encoding="UTF-8"?>
<robot generated="20170925 18:34:27.898" generator="Robot 3.0.2 (Python 2.7.11 on win32)">
<suite source="C:\Users\antons\Desktop\Robot\Solomon\Robot_proj_solomon\Test_Suite" id="s1" name="Test Suite">
<suite source="C:\Users\antons\Desktop\Robot\Solomon\Robot_proj_solomon\Test_Suite\FC_ProductStructures.robot" id="s1-s1" name="FC ProductStructures">
<kw type="setup" name="PLWEB Login" library="plweb_keywords">
<doc>Log in to plweb with all inputs</doc>
<kw name="PLWEB Login as user with username url and password and asset" library="plweb_actions">
<doc>Initialization function for PL Web.</doc>
<arguments>
<arg>${URL}</arg>
<arg>${USER}</arg>
<arg>${PSWD}</arg>
<arg>${ASSETID}</arg>
</arguments>
<msg timestamp="20170925 18:36:00.803" level="ERROR">'WebDriver' object has no attribute 'switch_to'</msg>
<msg timestamp="20170925 18:36:03.881" level="ERROR">'bool' object has no attribute 'text'</msg>
<msg timestamp="20170925 18:36:06.962" level="ERROR">'bool' object has no attribute 'text'</msg>
<msg timestamp="20170925 18:36:06.962" level="ERROR">'WebDriver' object has no attribute 'switch_to'</msg>
<msg timestamp="20170925 18:36:09.993" level="ERROR">'bool' object has no attribute 'text'</msg>
<msg timestamp="20170925 18:36:13.103" level="ERROR">'bool' object has no attribute 'text'</msg>
<msg timestamp="20170925 18:36:13.103" level="ERROR">'WebDriver' object has no attribute 'switch_to'</msg>
<msg timestamp="20170925 18:36:16.120" level="ERROR">'bool' object has no attribute 'text'</msg>
<msg timestamp="20170925 18:36:19.132" level="ERROR">'bool' object has no attribute 'text'</msg>
<status status="PASS" endtime="20170925 18:36:21.354" starttime="20170925 18:34:30.356"></status>
</kw>
<status status="PASS" endtime="20170925 18:36:21.355" starttime="20170925 18:34:30.356"></status>
</kw>
<test id="s1-s1-t1" name="TC 168210 Home Page_004_xP_Fleet view_Group">
<kw name="PLWEB Navigate to Product Structures page" library="plweb_admin_keywords">
<kw name="PLWEB Go to Product Structures" library="plweb_actions">
<doc>Method to navigate to product structures page</doc>
<assign>
<var>${status}</var>
</assign>
<msg timestamp="20170925 18:36:30.165" level="INFO">${status} = None</msg>
<status status="PASS" endtime="20170925 18:36:30.165" starttime="20170925 18:36:21.358"></status>
</kw>
<kw name="Log To Console" library="BuiltIn">
<doc>Logs the given message to the console.</doc>
<arguments>
<arg>${status}</arg>
</arguments>
<status status="PASS" endtime="20170925 18:36:30.166" starttime="20170925 18:36:30.166"></status>
</kw>
<status status="PASS" endtime="20170925 18:36:30.167" starttime="20170925 18:36:21.357"></status>
</kw>
<kw name="PLWEB Create product Structure" library="plweb_admin_keywords">
<assign>
<var>${SNo}</var>
</assign>
<kw name="PLWEB Create A Complex Asset" library="plweb_actions">
<doc>Method to create a complex asset</doc>
<assign>
<var>${Sno}</var>
<var>${status}</var>
</assign>
<msg timestamp="20170925 18:37:48.496" level="ERROR">Error while Clicking .//*[@onclick="window.customConfirm.ok()"]</msg>
<msg timestamp="20170925 18:37:48.496" level="ERROR">Error information Message: u'element not visible\n  (Session info: chrome=60.0.3112.113)\n  (Driver info: chromedriver=2.29.461591 (62ebf098771772160f391d75e589dc567915b233),platform=Windows NT 6.1.7601 SP1 x86_64)' </msg>
<msg timestamp="20170925 18:38:24.615" level="ERROR">'WebDriver' object has no attribute 'switch_to'</msg>
<msg timestamp="20170925 18:38:27.666" level="ERROR">'bool' object has no attribute 'text'</msg>
<msg timestamp="20170925 18:38:28.846" level="INFO">Pop Up: </msg>
<msg timestamp="20170925 18:38:30.610" level="ERROR">Error while Clicking .//*[@onclick="window.customConfirm.ok()"]</msg>
<msg timestamp="20170925 18:38:30.610" level="ERROR">Error information Message: u'element not visible\n  (Session info: chrome=60.0.3112.113)\n  (Driver info: chromedriver=2.29.461591 (62ebf098771772160f391d75e589dc567915b233),platform=Windows NT 6.1.7601 SP1 x86_64)' </msg>
<msg timestamp="20170925 18:38:30.786" level="FAIL">Cannot set variables: Expected list-like value, got string.</msg>
<status status="FAIL" endtime="20170925 18:38:30.786" starttime="20170925 18:36:30.168"></status>
</kw>
<status status="FAIL" endtime="20170925 18:38:30.802" starttime="20170925 18:36:30.168"></status>
</kw>
<tags>
<tag>168210</tag>
<tag>plweb</tag>
</tags>
<status status="FAIL" endtime="20170925 18:38:30.802" critical="yes" starttime="20170925 18:36:21.355">Cannot set variables: Expected list-like value, got string.</status>
</test>
<kw type="teardown" name="PLWEB Close windows" library="plweb_keywords">
<kw name="Close Plweb" library="plweb_actions">
<status status="PASS" endtime="20170925 18:39:03.628" starttime="20170925 18:38:30.802"></status>
</kw>
<status status="PASS" endtime="20170925 18:39:03.628" starttime="20170925 18:38:30.802"></status>
</kw>
<doc>For Running Assets</doc>
<status status="FAIL" endtime="20170925 18:39:03.628" starttime="20170925 18:34:29.098"></status>
</suite>
<status status="FAIL" endtime="20170925 18:39:03.628" starttime="20170925 18:34:29.020"></status>
</suite>
<statistics>
<total>
<stat fail="1" pass="0">Critical Tests</stat>
<stat fail="1" pass="0">All Tests</stat>
</total>
<tag>
<stat fail="1" pass="0">168210</stat>
<stat fail="1" pass="0">plweb</stat>
</tag>
<suite>
<stat fail="1" id="s1" name="Test Suite" pass="0">Test Suite</stat>
<stat fail="1" id="s1-s1" name="FC ProductStructures" pass="0">Test Suite.FC ProductStructures</stat>
</suite>
</statistics>
<errors>
<msg timestamp="20170925 18:36:00.803" level="ERROR">'WebDriver' object has no attribute 'switch_to'</msg>
<msg timestamp="20170925 18:36:03.881" level="ERROR">'bool' object has no attribute 'text'</msg>
<msg timestamp="20170925 18:36:06.962" level="ERROR">'bool' object has no attribute 'text'</msg>
<msg timestamp="20170925 18:36:06.962" level="ERROR">'WebDriver' object has no attribute 'switch_to'</msg>
<msg timestamp="20170925 18:36:09.993" level="ERROR">'bool' object has no attribute 'text'</msg>
<msg timestamp="20170925 18:36:13.103" level="ERROR">'bool' object has no attribute 'text'</msg>
<msg timestamp="20170925 18:36:13.103" level="ERROR">'WebDriver' object has no attribute 'switch_to'</msg>
<msg timestamp="20170925 18:36:16.120" level="ERROR">'bool' object has no attribute 'text'</msg>
<msg timestamp="20170925 18:36:19.132" level="ERROR">'bool' object has no attribute 'text'</msg>
<msg timestamp="20170925 18:37:48.496" level="ERROR">Error while Clicking .//*[@onclick="window.customConfirm.ok()"]</msg>
<msg timestamp="20170925 18:37:48.496" level="ERROR">Error information Message: u'element not visible\n  (Session info: chrome=60.0.3112.113)\n  (Driver info: chromedriver=2.29.461591 (62ebf098771772160f391d75e589dc567915b233),platform=Windows NT 6.1.7601 SP1 x86_64)' </msg>
<msg timestamp="20170925 18:38:24.615" level="ERROR">'WebDriver' object has no attribute 'switch_to'</msg>
<msg timestamp="20170925 18:38:27.666" level="ERROR">'bool' object has no attribute 'text'</msg>
<msg timestamp="20170925 18:38:30.610" level="ERROR">Error while Clicking .//*[@onclick="window.customConfirm.ok()"]</msg>
<msg timestamp="20170925 18:38:30.610" level="ERROR">Error information Message: u'element not visible\n  (Session info: chrome=60.0.3112.113)\n  (Driver info: chromedriver=2.29.461591 (62ebf098771772160f391d75e589dc567915b233),platform=Windows NT 6.1.7601 SP1 x86_64)' </msg>
</errors>
</robot>
