<?xml version="1.0" encoding="UTF-8"?>
<robot generated="20170925 18:26:22.671" generator="Robot 3.0.2 (Python 2.7.11 on win32)">
<suite source="C:\Users\antons\Desktop\Robot\Solomon\Robot_proj_solomon\Test_Suite" id="s1" name="Test Suite">
<suite source="C:\Users\antons\Desktop\Robot\Solomon\Robot_proj_solomon\Test_Suite\FC_ProductStructures.robot" id="s1-s1" name="FC ProductStructures">
<kw type="setup" name="PLWEB Login" library="plweb_keywords">
<doc>Log in to plweb with all inputs</doc>
<kw name="PLWEB Login as user with username url and password and asset" library="plweb_actions">
<doc>Initialization function for PL Web.</doc>
<arguments>
<arg>${URL}</arg>
<arg>${USER}</arg>
<arg>${PSWD}</arg>
<arg>${ASSETID}</arg>
</arguments>
<msg timestamp="20170925 18:27:55.015" level="ERROR">'WebDriver' object has no attribute 'switch_to'</msg>
<msg timestamp="20170925 18:27:58.123" level="ERROR">'bool' object has no attribute 'text'</msg>
<msg timestamp="20170925 18:28:01.149" level="ERROR">'bool' object has no attribute 'text'</msg>
<msg timestamp="20170925 18:28:01.149" level="ERROR">'WebDriver' object has no attribute 'switch_to'</msg>
<msg timestamp="20170925 18:28:04.202" level="ERROR">'bool' object has no attribute 'text'</msg>
<msg timestamp="20170925 18:28:07.246" level="ERROR">'bool' object has no attribute 'text'</msg>
<msg timestamp="20170925 18:28:07.247" level="ERROR">'WebDriver' object has no attribute 'switch_to'</msg>
<msg timestamp="20170925 18:28:10.335" level="ERROR">'bool' object has no attribute 'text'</msg>
<msg timestamp="20170925 18:28:13.369" level="ERROR">'bool' object has no attribute 'text'</msg>
<status status="PASS" endtime="20170925 18:28:15.582" starttime="20170925 18:26:25.303"></status>
</kw>
<status status="PASS" endtime="20170925 18:28:15.582" starttime="20170925 18:26:25.287"></status>
</kw>
<test id="s1-s1-t1" name="TC 168210 Home Page_004_xP_Fleet view_Group">
<kw name="PLWEB Navigate to Product Structures page" library="plweb_admin_keywords">
<kw name="PLWEB Go to Product Structures" library="plweb_actions">
<doc>Method to navigate to product structures page</doc>
<assign>
<var>${status}</var>
</assign>
<msg timestamp="20170925 18:28:24.400" level="INFO">${status} = None</msg>
<status status="PASS" endtime="20170925 18:28:24.400" starttime="20170925 18:28:15.582"></status>
</kw>
<kw name="Log To Console" library="BuiltIn">
<doc>Logs the given message to the console.</doc>
<arguments>
<arg>${status}</arg>
</arguments>
<status status="PASS" endtime="20170925 18:28:24.400" starttime="20170925 18:28:24.400"></status>
</kw>
<status status="PASS" endtime="20170925 18:28:24.400" starttime="20170925 18:28:15.582"></status>
</kw>
<kw name="PLWEB Create product Structure" library="plweb_admin_keywords">
<assign>
<var>${SNo}</var>
</assign>
<kw name="PLWEB Create A Complex Asset" library="plweb_actions">
<doc>Method to create a complex asset</doc>
<assign>
<var>${Sno}</var>
</assign>
<msg timestamp="20170925 18:29:45.945" level="ERROR">Error while Clicking .//*[@onclick="window.customConfirm.ok()"]</msg>
<msg timestamp="20170925 18:29:45.945" level="ERROR">Error information 'bool' object has no attribute 'click'</msg>
<msg timestamp="20170925 18:30:02.877" level="ERROR">Error while Clicking .//*[@onclick="window.customConfirm.ok()"]</msg>
<msg timestamp="20170925 18:30:02.877" level="ERROR">Error information 'bool' object has no attribute 'click'</msg>
<msg timestamp="20170925 18:30:20.782" level="ERROR">'WebDriver' object has no attribute 'switch_to'</msg>
<msg timestamp="20170925 18:30:23.817" level="ERROR">'bool' object has no attribute 'text'</msg>
<msg timestamp="20170925 18:30:26.953" level="ERROR">'bool' object has no attribute 'text'</msg>
<msg timestamp="20170925 18:30:36.266" level="INFO">${Sno} = paset_18:28</msg>
<status status="PASS" endtime="20170925 18:30:36.266" starttime="20170925 18:28:24.400"></status>
</kw>
<msg timestamp="20170925 18:30:36.266" level="INFO">${SNo} = paset_18:28</msg>
<status status="PASS" endtime="20170925 18:30:36.266" starttime="20170925 18:28:24.400"></status>
</kw>
<kw name="PLWEB Navigate to Groups Page" library="plweb_admin_keywords">
<kw name="PLWEB Go to Groups Page" library="plweb_actions">
<doc>Method to initialize the Product Link Web page.</doc>
<msg timestamp="20170925 18:30:40.939" level="INFO">Initialization of PLWeb is Successful!!</msg>
<status status="PASS" endtime="20170925 18:30:40.940" starttime="20170925 18:30:36.266"></status>
</kw>
<kw name="Log To Console" library="BuiltIn">
<doc>Logs the given message to the console.</doc>
<arguments>
<arg>PLWEB Navigate to Groups Page</arg>
</arguments>
<status status="PASS" endtime="20170925 18:30:40.944" starttime="20170925 18:30:40.942"></status>
</kw>
<status status="PASS" endtime="20170925 18:30:40.946" starttime="20170925 18:30:36.266"></status>
</kw>
<kw name="PLWEB Create a Group" library="plweb_admin_keywords">
<arguments>
<arg>${SNo}</arg>
</arguments>
<assign>
<var>${groupname}</var>
</assign>
<kw name="Create Admin Groups">
<arguments>
<arg>${Sno}</arg>
</arguments>
<assign>
<var>${Groupname}</var>
</assign>
<msg timestamp="20170925 18:30:40.991" level="FAIL">No keyword with name 'Create Admin Groups' found.</msg>
<status status="FAIL" endtime="20170925 18:30:40.991" starttime="20170925 18:30:40.989"></status>
</kw>
<status status="FAIL" endtime="20170925 18:30:40.993" starttime="20170925 18:30:40.947"></status>
</kw>
<tags>
<tag>168210</tag>
<tag>plweb</tag>
</tags>
<status status="FAIL" endtime="20170925 18:30:40.994" critical="yes" starttime="20170925 18:28:15.582">No keyword with name 'Create Admin Groups' found.</status>
</test>
<kw type="teardown" name="PLWEB Close windows" library="plweb_keywords">
<kw name="Close Plweb" library="plweb_actions">
<status status="PASS" endtime="20170925 18:31:15.023" starttime="20170925 18:30:41.002"></status>
</kw>
<status status="PASS" endtime="20170925 18:31:15.023" starttime="20170925 18:30:40.998"></status>
</kw>
<doc>For Running Assets</doc>
<status status="FAIL" endtime="20170925 18:31:15.023" starttime="20170925 18:26:23.931"></status>
</suite>
<status status="FAIL" endtime="20170925 18:31:15.039" starttime="20170925 18:26:23.807"></status>
</suite>
<statistics>
<total>
<stat fail="1" pass="0">Critical Tests</stat>
<stat fail="1" pass="0">All Tests</stat>
</total>
<tag>
<stat fail="1" pass="0">168210</stat>
<stat fail="1" pass="0">plweb</stat>
</tag>
<suite>
<stat fail="1" id="s1" name="Test Suite" pass="0">Test Suite</stat>
<stat fail="1" id="s1-s1" name="FC ProductStructures" pass="0">Test Suite.FC ProductStructures</stat>
</suite>
</statistics>
<errors>
<msg timestamp="20170925 18:27:55.015" level="ERROR">'WebDriver' object has no attribute 'switch_to'</msg>
<msg timestamp="20170925 18:27:58.123" level="ERROR">'bool' object has no attribute 'text'</msg>
<msg timestamp="20170925 18:28:01.149" level="ERROR">'bool' object has no attribute 'text'</msg>
<msg timestamp="20170925 18:28:01.149" level="ERROR">'WebDriver' object has no attribute 'switch_to'</msg>
<msg timestamp="20170925 18:28:04.202" level="ERROR">'bool' object has no attribute 'text'</msg>
<msg timestamp="20170925 18:28:07.246" level="ERROR">'bool' object has no attribute 'text'</msg>
<msg timestamp="20170925 18:28:07.247" level="ERROR">'WebDriver' object has no attribute 'switch_to'</msg>
<msg timestamp="20170925 18:28:10.335" level="ERROR">'bool' object has no attribute 'text'</msg>
<msg timestamp="20170925 18:28:13.369" level="ERROR">'bool' object has no attribute 'text'</msg>
<msg timestamp="20170925 18:29:45.945" level="ERROR">Error while Clicking .//*[@onclick="window.customConfirm.ok()"]</msg>
<msg timestamp="20170925 18:29:45.945" level="ERROR">Error information 'bool' object has no attribute 'click'</msg>
<msg timestamp="20170925 18:30:02.877" level="ERROR">Error while Clicking .//*[@onclick="window.customConfirm.ok()"]</msg>
<msg timestamp="20170925 18:30:02.877" level="ERROR">Error information 'bool' object has no attribute 'click'</msg>
<msg timestamp="20170925 18:30:20.782" level="ERROR">'WebDriver' object has no attribute 'switch_to'</msg>
<msg timestamp="20170925 18:30:23.817" level="ERROR">'bool' object has no attribute 'text'</msg>
<msg timestamp="20170925 18:30:26.953" level="ERROR">'bool' object has no attribute 'text'</msg>
</errors>
</robot>
