<?xml version="1.0" encoding="UTF-8"?>
<robot generated="20170922 10:57:20.895" generator="Robot 3.0.2 (Python 2.7.11 on win32)">
<suite source="C:\Users\antons\Desktop\Robot\Robot_proj_new\Test_Suite" id="s1" name="Test Suite">
<suite source="C:\Users\antons\Desktop\Robot\Robot_proj_new\Test_Suite\FC_ProductStructures.robot" id="s1-s1" name="FC ProductStructures">
<kw type="setup" name="PLWEB Login" library="plweb_keywords">
<doc>Log in to plweb with all inputs</doc>
<kw name="PLWEB Login as user with username url and password and asset" library="plweb_actions">
<doc>Initialization function for PL Web.</doc>
<arguments>
<arg>${URL}</arg>
<arg>${USER}</arg>
<arg>${PSWD}</arg>
<arg>${ASSETID}</arg>
</arguments>
<msg timestamp="20170922 10:58:55.067" level="ERROR">'WebDriver' object has no attribute 'switch_to'</msg>
<msg timestamp="20170922 10:58:58.112" level="ERROR">'bool' object has no attribute 'text'</msg>
<msg timestamp="20170922 10:59:01.197" level="ERROR">'bool' object has no attribute 'text'</msg>
<msg timestamp="20170922 10:59:01.197" level="ERROR">'WebDriver' object has no attribute 'switch_to'</msg>
<msg timestamp="20170922 10:59:04.234" level="ERROR">'bool' object has no attribute 'text'</msg>
<msg timestamp="20170922 10:59:07.320" level="ERROR">'bool' object has no attribute 'text'</msg>
<msg timestamp="20170922 10:59:07.320" level="ERROR">'WebDriver' object has no attribute 'switch_to'</msg>
<msg timestamp="20170922 10:59:10.402" level="ERROR">'bool' object has no attribute 'text'</msg>
<msg timestamp="20170922 10:59:13.469" level="ERROR">'bool' object has no attribute 'text'</msg>
<status status="PASS" endtime="20170922 10:59:15.742" starttime="20170922 10:57:24.111"></status>
</kw>
<status status="PASS" endtime="20170922 10:59:15.743" starttime="20170922 10:57:24.110"></status>
</kw>
<test id="s1-s1-t1" name="TC 168210 Home Page_004_xP_Fleet view_Group">
<kw name="PLWEB Navigate to Product Structures page" library="plweb_admin_keywords">
<kw name="PLWEB Go to Product Structures" library="plweb_actions">
<doc>Method to navigate to product structures page</doc>
<assign>
<var>${status}</var>
</assign>
<msg timestamp="20170922 10:59:24.618" level="INFO">${status} = None</msg>
<status status="PASS" endtime="20170922 10:59:24.618" starttime="20170922 10:59:15.746"></status>
</kw>
<kw name="Log To Console" library="BuiltIn">
<doc>Logs the given message to the console.</doc>
<arguments>
<arg>${status}</arg>
</arguments>
<status status="PASS" endtime="20170922 10:59:24.620" starttime="20170922 10:59:24.619"></status>
</kw>
<status status="PASS" endtime="20170922 10:59:24.620" starttime="20170922 10:59:15.745"></status>
</kw>
<kw name="PLWEB Create product Structure" library="plweb_admin_keywords">
<assign>
<var>${SNo}</var>
</assign>
<kw name="PLWEB Create A Complex Asset" library="plweb_actions">
<doc>Method to create a complex asset</doc>
<assign>
<var>${Sno}</var>
</assign>
<msg timestamp="20170922 11:00:33.197" level="ERROR">Error while Clicking .//*[@onclick="window.customConfirm.ok()"]</msg>
<msg timestamp="20170922 11:00:33.197" level="ERROR">Error information 'bool' object has no attribute 'click'</msg>
<msg timestamp="20170922 11:00:50.826" level="ERROR">Error while Clicking .//*[@onclick="window.customConfirm.ok()"]</msg>
<msg timestamp="20170922 11:00:50.826" level="ERROR">Error information 'bool' object has no attribute 'click'</msg>
<msg timestamp="20170922 11:01:08.788" level="ERROR">'WebDriver' object has no attribute 'switch_to'</msg>
<msg timestamp="20170922 11:01:11.824" level="ERROR">'bool' object has no attribute 'text'</msg>
<msg timestamp="20170922 11:01:14.864" level="ERROR">'bool' object has no attribute 'text'</msg>
<msg timestamp="20170922 11:01:14.975" level="INFO">${Sno} = paset_10:59</msg>
<status status="PASS" endtime="20170922 11:01:14.975" starttime="20170922 10:59:24.621"></status>
</kw>
<msg timestamp="20170922 11:01:14.976" level="INFO">${SNo} = paset_10:59</msg>
<status status="PASS" endtime="20170922 11:01:14.976" starttime="20170922 10:59:24.621"></status>
</kw>
<kw name="PLWEB Navigate to Groups Page" library="plweb_admin_keywords">
<kw name="PLWEB Go to Groups Page" library="plweb_actions">
<doc>Method to initialize the Product Link Web page.</doc>
<msg timestamp="20170922 11:01:19.704" level="INFO">Initialization of PLWeb is Successful!!</msg>
<status status="PASS" endtime="20170922 11:01:19.704" starttime="20170922 11:01:14.977"></status>
</kw>
<kw name="Log To Console" library="BuiltIn">
<doc>Logs the given message to the console.</doc>
<arguments>
<arg>PLWEB Navigate to Groups Page</arg>
</arguments>
<status status="PASS" endtime="20170922 11:01:19.706" starttime="20170922 11:01:19.705"></status>
</kw>
<status status="PASS" endtime="20170922 11:01:19.706" starttime="20170922 11:01:14.976"></status>
</kw>
<kw name="PLWEB Create a Group" library="plweb_admin_keywords">
<arguments>
<arg>${SNo}</arg>
</arguments>
<assign>
<var>${groupname}</var>
</assign>
<kw name="Create A Group" library="plweb_actions">
<doc>Methods to create a new group in plweb</doc>
<arguments>
<arg>${Sno}</arg>
</arguments>
<assign>
<var>${Groupname}</var>
</assign>
<msg timestamp="20170922 11:02:23.398" level="ERROR">'WebDriver' object has no attribute 'switch_to'</msg>
<msg timestamp="20170922 11:02:26.484" level="ERROR">'bool' object has no attribute 'text'</msg>
<msg timestamp="20170922 11:02:29.506" level="ERROR">'bool' object has no attribute 'text'</msg>
<msg timestamp="20170922 11:02:29.507" level="INFO">${Groupname} = saset_11:01</msg>
<status status="PASS" endtime="20170922 11:02:29.507" starttime="20170922 11:01:19.708"></status>
</kw>
<msg timestamp="20170922 11:02:29.508" level="INFO">${groupname} = saset_11:01</msg>
<status status="PASS" endtime="20170922 11:02:29.508" starttime="20170922 11:01:19.707"></status>
</kw>
<kw name="PLWEB Navigate to Groups Page" library="plweb_admin_keywords">
<kw name="PLWEB Go to Groups Page" library="plweb_actions">
<doc>Method to initialize the Product Link Web page.</doc>
<msg timestamp="20170922 11:02:34.231" level="INFO">Initialization of PLWeb is Successful!!</msg>
<status status="PASS" endtime="20170922 11:02:34.231" starttime="20170922 11:02:29.509"></status>
</kw>
<kw name="Log To Console" library="BuiltIn">
<doc>Logs the given message to the console.</doc>
<arguments>
<arg>PLWEB Navigate to Groups Page</arg>
</arguments>
<status status="PASS" endtime="20170922 11:02:34.233" starttime="20170922 11:02:34.232"></status>
</kw>
<status status="PASS" endtime="20170922 11:02:34.233" starttime="20170922 11:02:29.508"></status>
</kw>
<kw name="PLWEB Verify groups availability" library="plweb_admin_keywords">
<arguments>
<arg>${groupname}</arg>
<arg>${SNo}</arg>
</arguments>
<assign>
<var>${available}</var>
</assign>
<kw name="Verify groups availability" library="plweb_actions">
<doc>methods to confirm the groups level of availability</doc>
<arguments>
<arg>${Groupname}</arg>
<arg>${SerialNumber}</arg>
</arguments>
<assign>
<var>${status}</var>
</assign>
<msg timestamp="20170922 11:02:44.737" level="INFO">${status} = True</msg>
<status status="PASS" endtime="20170922 11:02:44.738" starttime="20170922 11:02:34.235"></status>
</kw>
<msg timestamp="20170922 11:02:44.738" level="INFO">${available} = None</msg>
<status status="PASS" endtime="20170922 11:02:44.738" starttime="20170922 11:02:34.234"></status>
</kw>
<kw name="PLWEB Verify group is editable" library="plweb_admin_keywords">
<arguments>
<arg>${groupname}</arg>
<arg>${SNo}</arg>
</arguments>
<assign>
<var>${editable}</var>
</assign>
<kw name="Verify group is editable" library="plweb_actions">
<doc>methods to confirm the groups level of availability</doc>
<arguments>
<arg>${Groupname}</arg>
<arg>${SerialNumber}</arg>
</arguments>
<assign>
<var>${status}</var>
</assign>
<msg timestamp="20170922 11:02:56.239" level="INFO">${status} = True</msg>
<status status="PASS" endtime="20170922 11:02:56.240" starttime="20170922 11:02:44.740"></status>
</kw>
<msg timestamp="20170922 11:02:56.240" level="INFO">${editable} = None</msg>
<status status="PASS" endtime="20170922 11:02:56.241" starttime="20170922 11:02:44.739"></status>
</kw>
<kw name="PLWEB Verify groups is deletable" library="plweb_admin_keywords">
<arguments>
<arg>${groupname}</arg>
<arg>${SNo}</arg>
</arguments>
<assign>
<var>${deletable}</var>
</assign>
<kw name="Verify groups is deletable" library="plweb_actions">
<doc>methods to confirm the groups level of availability</doc>
<arguments>
<arg>${Groupname}</arg>
<arg>${SerialNumber}</arg>
</arguments>
<assign>
<var>${status}</var>
</assign>
<msg timestamp="20170922 11:03:07.826" level="INFO">${status} = True</msg>
<status status="PASS" endtime="20170922 11:03:07.826" starttime="20170922 11:02:56.242"></status>
</kw>
<msg timestamp="20170922 11:03:07.827" level="INFO">${deletable} = None</msg>
<status status="PASS" endtime="20170922 11:03:07.827" starttime="20170922 11:02:56.241"></status>
</kw>
<kw name="message" library="plweb_admin_keywords">
<arguments>
<arg>${available}</arg>
</arguments>
<kw name="print error messages" library="plweb_actions">
<doc>printing the error message</doc>
<arguments>
<arg>${data}</arg>
</arguments>
<msg timestamp="20170922 11:03:07.831" level="INFO">Failed to log following message properly: (None,)</msg>
<status status="PASS" endtime="20170922 11:03:07.831" starttime="20170922 11:03:07.829"></status>
</kw>
<status status="PASS" endtime="20170922 11:03:07.832" starttime="20170922 11:03:07.828"></status>
</kw>
<kw name="message" library="plweb_admin_keywords">
<arguments>
<arg>${editable}</arg>
</arguments>
<kw name="print error messages" library="plweb_actions">
<doc>printing the error message</doc>
<arguments>
<arg>${data}</arg>
</arguments>
<msg timestamp="20170922 11:03:07.834" level="INFO">Failed to log following message properly: (None,)</msg>
<status status="PASS" endtime="20170922 11:03:07.834" starttime="20170922 11:03:07.833"></status>
</kw>
<status status="PASS" endtime="20170922 11:03:07.835" starttime="20170922 11:03:07.832"></status>
</kw>
<kw name="message" library="plweb_admin_keywords">
<arguments>
<arg>${deletable}</arg>
</arguments>
<kw name="print error messages" library="plweb_actions">
<doc>printing the error message</doc>
<arguments>
<arg>${data}</arg>
</arguments>
<msg timestamp="20170922 11:03:07.866" level="INFO">Failed to log following message properly: (None,)</msg>
<status status="PASS" endtime="20170922 11:03:07.866" starttime="20170922 11:03:07.851"></status>
</kw>
<status status="PASS" endtime="20170922 11:03:07.866" starttime="20170922 11:03:07.835"></status>
</kw>
<kw name="message" library="plweb_admin_keywords">
<arguments>
<arg>print live</arg>
</arguments>
<kw name="print error messages" library="plweb_actions">
<doc>printing the error message</doc>
<arguments>
<arg>${data}</arg>
</arguments>
<msg timestamp="20170922 11:03:07.866" level="INFO">Failed to log following message properly: (u'print live',)</msg>
<status status="PASS" endtime="20170922 11:03:07.866" starttime="20170922 11:03:07.866"></status>
</kw>
<status status="PASS" endtime="20170922 11:03:07.866" starttime="20170922 11:03:07.866"></status>
</kw>
<tags>
<tag>168210</tag>
<tag>plweb</tag>
</tags>
<status status="PASS" endtime="20170922 11:03:07.866" critical="yes" starttime="20170922 10:59:15.743"></status>
</test>
<kw type="teardown" name="PLWEB Close windows" library="plweb_keywords">
<kw name="Close Plweb" library="plweb_actions">
<status status="PASS" endtime="20170922 11:03:43.100" starttime="20170922 11:03:07.866"></status>
</kw>
<status status="PASS" endtime="20170922 11:03:43.100" starttime="20170922 11:03:07.866"></status>
</kw>
<doc>For Running Assets</doc>
<status status="PASS" endtime="20170922 11:03:43.100" starttime="20170922 10:57:22.194"></status>
</suite>
<status status="PASS" endtime="20170922 11:03:43.100" starttime="20170922 10:57:22.098"></status>
</suite>
<statistics>
<total>
<stat fail="0" pass="1">Critical Tests</stat>
<stat fail="0" pass="1">All Tests</stat>
</total>
<tag>
<stat fail="0" pass="1">168210</stat>
<stat fail="0" pass="1">plweb</stat>
</tag>
<suite>
<stat fail="0" id="s1" name="Test Suite" pass="1">Test Suite</stat>
<stat fail="0" id="s1-s1" name="FC ProductStructures" pass="1">Test Suite.FC ProductStructures</stat>
</suite>
</statistics>
<errors>
<msg timestamp="20170922 10:58:55.067" level="ERROR">'WebDriver' object has no attribute 'switch_to'</msg>
<msg timestamp="20170922 10:58:58.112" level="ERROR">'bool' object has no attribute 'text'</msg>
<msg timestamp="20170922 10:59:01.197" level="ERROR">'bool' object has no attribute 'text'</msg>
<msg timestamp="20170922 10:59:01.197" level="ERROR">'WebDriver' object has no attribute 'switch_to'</msg>
<msg timestamp="20170922 10:59:04.234" level="ERROR">'bool' object has no attribute 'text'</msg>
<msg timestamp="20170922 10:59:07.320" level="ERROR">'bool' object has no attribute 'text'</msg>
<msg timestamp="20170922 10:59:07.320" level="ERROR">'WebDriver' object has no attribute 'switch_to'</msg>
<msg timestamp="20170922 10:59:10.402" level="ERROR">'bool' object has no attribute 'text'</msg>
<msg timestamp="20170922 10:59:13.469" level="ERROR">'bool' object has no attribute 'text'</msg>
<msg timestamp="20170922 11:00:33.197" level="ERROR">Error while Clicking .//*[@onclick="window.customConfirm.ok()"]</msg>
<msg timestamp="20170922 11:00:33.197" level="ERROR">Error information 'bool' object has no attribute 'click'</msg>
<msg timestamp="20170922 11:00:50.826" level="ERROR">Error while Clicking .//*[@onclick="window.customConfirm.ok()"]</msg>
<msg timestamp="20170922 11:00:50.826" level="ERROR">Error information 'bool' object has no attribute 'click'</msg>
<msg timestamp="20170922 11:01:08.788" level="ERROR">'WebDriver' object has no attribute 'switch_to'</msg>
<msg timestamp="20170922 11:01:11.824" level="ERROR">'bool' object has no attribute 'text'</msg>
<msg timestamp="20170922 11:01:14.864" level="ERROR">'bool' object has no attribute 'text'</msg>
<msg timestamp="20170922 11:02:23.398" level="ERROR">'WebDriver' object has no attribute 'switch_to'</msg>
<msg timestamp="20170922 11:02:26.484" level="ERROR">'bool' object has no attribute 'text'</msg>
<msg timestamp="20170922 11:02:29.506" level="ERROR">'bool' object has no attribute 'text'</msg>
</errors>
</robot>
