<?xml version="1.0" encoding="UTF-8"?>
<robot generated="20170925 18:53:48.038" generator="Robot 3.0.2 (Python 2.7.11 on win32)">
<suite source="C:\Users\antons\Desktop\Robot\Solomon\Robot_proj_solomon\Test_Suite" id="s1" name="Test Suite">
<suite source="C:\Users\antons\Desktop\Robot\Solomon\Robot_proj_solomon\Test_Suite\FC_ProductStructures.robot" id="s1-s1" name="FC ProductStructures">
<kw type="setup" name="PLWEB Login" library="plweb_keywords">
<doc>Log in to plweb with all inputs</doc>
<kw name="PLWEB Login as user with username url and password and asset" library="plweb_actions">
<doc>Initialization function for PL Web.</doc>
<arguments>
<arg>${URL}</arg>
<arg>${USER}</arg>
<arg>${PSWD}</arg>
<arg>${ASSETID}</arg>
</arguments>
<msg timestamp="20170925 18:55:36.859" level="ERROR">'WebDriver' object has no attribute 'switch_to'</msg>
<msg timestamp="20170925 18:55:39.903" level="ERROR">'bool' object has no attribute 'text'</msg>
<msg timestamp="20170925 18:55:42.956" level="ERROR">'bool' object has no attribute 'text'</msg>
<msg timestamp="20170925 18:55:42.957" level="ERROR">'WebDriver' object has no attribute 'switch_to'</msg>
<msg timestamp="20170925 18:55:45.985" level="ERROR">'bool' object has no attribute 'text'</msg>
<msg timestamp="20170925 18:55:49.019" level="ERROR">'bool' object has no attribute 'text'</msg>
<msg timestamp="20170925 18:55:49.019" level="ERROR">'WebDriver' object has no attribute 'switch_to'</msg>
<msg timestamp="20170925 18:55:52.038" level="ERROR">'bool' object has no attribute 'text'</msg>
<msg timestamp="20170925 18:55:55.069" level="ERROR">'bool' object has no attribute 'text'</msg>
<status status="PASS" endtime="20170925 18:55:57.297" starttime="20170925 18:53:50.352"></status>
</kw>
<status status="PASS" endtime="20170925 18:55:57.298" starttime="20170925 18:53:50.351"></status>
</kw>
<test id="s1-s1-t1" name="TC 168210 Home Page_004_xP_Fleet view_Group">
<kw name="PLWEB Navigate to Product Structures page" library="plweb_admin_keywords">
<kw name="PLWEB Go to Product Structures" library="plweb_actions">
<doc>Method to navigate to product structures page</doc>
<assign>
<var>${status}</var>
</assign>
<msg timestamp="20170925 18:56:06.068" level="INFO">${status} = None</msg>
<status status="PASS" endtime="20170925 18:56:06.068" starttime="20170925 18:55:57.301"></status>
</kw>
<kw name="Log To Console" library="BuiltIn">
<doc>Logs the given message to the console.</doc>
<arguments>
<arg>${status}</arg>
</arguments>
<status status="PASS" endtime="20170925 18:56:06.070" starttime="20170925 18:56:06.069"></status>
</kw>
<status status="PASS" endtime="20170925 18:56:06.070" starttime="20170925 18:55:57.300"></status>
</kw>
<kw name="PLWEB Create product Structure" library="plweb_admin_keywords">
<assign>
<var>${SNo}</var>
</assign>
<kw name="PLWEB Create A Complex Asset" library="plweb_actions">
<doc>Method to create a complex asset</doc>
<assign>
<var>${Sno}</var>
<var>${status}</var>
</assign>
<msg timestamp="20170925 18:57:06.911" level="ERROR">Error while Clicking //*[@inner-html-text='data[val.attribute]']</msg>
<msg timestamp="20170925 18:57:06.911" level="ERROR">Error information 'bool' object has no attribute 'click'</msg>
<msg timestamp="20170925 18:57:13.507" level="ERROR">Error while Clicking .//*[@onclick="window.customConfirm.ok()"]</msg>
<msg timestamp="20170925 18:57:13.508" level="ERROR">Error information 'bool' object has no attribute 'click'</msg>
<msg timestamp="20170925 18:57:24.150" level="ERROR">Error while Clicking //*[@inner-html-text='data[val.attribute]']</msg>
<msg timestamp="20170925 18:57:24.151" level="ERROR">Error information 'bool' object has no attribute 'click'</msg>
<msg timestamp="20170925 18:57:30.731" level="ERROR">Error while Clicking .//*[@onclick="window.customConfirm.ok()"]</msg>
<msg timestamp="20170925 18:57:30.732" level="ERROR">Error information 'bool' object has no attribute 'click'</msg>
<msg timestamp="20170925 18:57:38.044" level="ERROR">Error while Clicking .//*[text()='Next&gt;&gt;']</msg>
<msg timestamp="20170925 18:57:38.045" level="ERROR">Error information Message: u'unknown error: Element &lt;button ng-disabled="handleNextButon" ng-if="showhideCreate == \'showNext\'" ng-click="generateSelectedAssets()" class="cat-btn cat-btn-primary ng-binding ng-scope"&gt;...&lt;/button&gt; is not clickable at point (909, 197). Other element would receive the click: &lt;div id="customAlert-overlay" style="display: block;"&gt;&lt;/div&gt;\n  (Session info: chrome=60.0.3112.113)\n  (Driver info: chromedriver=2.29.461591 (62ebf098771772160f391d75e589dc567915b233),platform=Windows NT 6.1.7601 SP1 x86_64)' </msg>
<msg timestamp="20170925 18:57:43.316" level="ERROR">Error while Clicking //*[@id="pageNavigatorsTop"]//*[@id="rightSideNav"]/button[3]</msg>
<msg timestamp="20170925 18:57:43.317" level="ERROR">Error information Message: u'unknown error: Element &lt;button ng-disabled="handleNextButon" ng-if="showhideCreate == \'showNext\'" ng-click="generateSelectedAssets()" class="cat-btn cat-btn-primary ng-binding ng-scope"&gt;...&lt;/button&gt; is not clickable at point (909, 197). Other element would receive the click: &lt;div id="customAlert-overlay" style="display: block;"&gt;&lt;/div&gt;\n  (Session info: chrome=60.0.3112.113)\n  (Driver info: chromedriver=2.29.461591 (62ebf098771772160f391d75e589dc567915b233),platform=Windows NT 6.1.7601 SP1 x86_64)' </msg>
<msg timestamp="20170925 18:57:48.558" level="ERROR">'WebDriver' object has no attribute 'switch_to'</msg>
<msg timestamp="20170925 18:57:49.837" level="INFO">Pop Up: OK</msg>
<msg timestamp="20170925 18:58:12.707" level="INFO">${Sno} = paset_18:56</msg>
<msg timestamp="20170925 18:58:12.707" level="INFO">${status} = True</msg>
<status status="PASS" endtime="20170925 18:58:12.707" starttime="20170925 18:56:06.071"></status>
</kw>
<msg timestamp="20170925 18:58:12.708" level="INFO">${SNo} = paset_18:56</msg>
<status status="PASS" endtime="20170925 18:58:12.708" starttime="20170925 18:56:06.071"></status>
</kw>
<kw name="PLWEB Navigate to Groups Page" library="plweb_admin_keywords">
<kw name="PLWEB Go to Groups Page" library="plweb_actions">
<doc>Method to initialize the Product Link Web page.</doc>
<msg timestamp="20170925 18:58:17.409" level="INFO">Initialization of PLWeb is Successful!!</msg>
<status status="PASS" endtime="20170925 18:58:17.409" starttime="20170925 18:58:12.710"></status>
</kw>
<kw name="Log To Console" library="BuiltIn">
<doc>Logs the given message to the console.</doc>
<arguments>
<arg>PLWEB Navigate to Groups Page</arg>
</arguments>
<status status="PASS" endtime="20170925 18:58:17.410" starttime="20170925 18:58:17.410"></status>
</kw>
<status status="PASS" endtime="20170925 18:58:17.411" starttime="20170925 18:58:12.709"></status>
</kw>
<kw name="PLWEB Create Admin Group" library="plweb_admin_keywords">
<arguments>
<arg>${SNo}</arg>
</arguments>
<assign>
<var>${groupname}</var>
</assign>
<kw name="Create Admin Groups" library="plweb_actions">
<doc>Methods to create a new group in plweb</doc>
<arguments>
<arg>${Sno}</arg>
</arguments>
<assign>
<var>${Groupname}</var>
</assign>
<msg timestamp="20170925 18:59:18.060" level="ERROR">Error while Clicking .//*[@ng-click='createSelectedAssets()']</msg>
<msg timestamp="20170925 18:59:18.061" level="ERROR">Error information 'bool' object has no attribute 'click'</msg>
<msg timestamp="20170925 18:59:23.127" level="ERROR">'WebDriver' object has no attribute 'switch_to'</msg>
<msg timestamp="20170925 18:59:24.316" level="INFO">Pop Up: </msg>
<msg timestamp="20170925 18:59:25.913" level="ERROR">Error while Clicking .//*[@onclick="window.customAlert.ok()"]</msg>
<msg timestamp="20170925 18:59:25.914" level="ERROR">Error information Message: u'element not visible\n  (Session info: chrome=60.0.3112.113)\n  (Driver info: chromedriver=2.29.461591 (62ebf098771772160f391d75e589dc567915b233),platform=Windows NT 6.1.7601 SP1 x86_64)' </msg>
<msg timestamp="20170925 18:59:25.981" level="INFO">${Groupname} = saset_18:58</msg>
<status status="PASS" endtime="20170925 18:59:25.981" starttime="20170925 18:58:17.412"></status>
</kw>
<msg timestamp="20170925 18:59:25.982" level="INFO">${groupname} = saset_18:58</msg>
<status status="PASS" endtime="20170925 18:59:25.982" starttime="20170925 18:58:17.411"></status>
</kw>
<kw name="PLWEB Navigate to Groups Page" library="plweb_admin_keywords">
<kw name="PLWEB Go to Groups Page" library="plweb_actions">
<doc>Method to initialize the Product Link Web page.</doc>
<msg timestamp="20170925 18:59:30.792" level="INFO">Initialization of PLWeb is Successful!!</msg>
<status status="PASS" endtime="20170925 18:59:30.792" starttime="20170925 18:59:25.984"></status>
</kw>
<kw name="Log To Console" library="BuiltIn">
<doc>Logs the given message to the console.</doc>
<arguments>
<arg>PLWEB Navigate to Groups Page</arg>
</arguments>
<status status="PASS" endtime="20170925 18:59:30.794" starttime="20170925 18:59:30.793"></status>
</kw>
<status status="PASS" endtime="20170925 18:59:30.794" starttime="20170925 18:59:25.983"></status>
</kw>
<kw name="PLWEB Verify groups availability" library="plweb_admin_keywords">
<arguments>
<arg>${groupname}</arg>
<arg>${SNo}</arg>
</arguments>
<assign>
<var>${available}</var>
</assign>
<kw name="Verify groups availability" library="plweb_actions">
<doc>methods to confirm the groups level of availability</doc>
<arguments>
<arg>${Groupname}</arg>
<arg>${SerialNumber}</arg>
</arguments>
<assign>
<var>${status}</var>
</assign>
<msg timestamp="20170925 18:59:42.359" level="INFO">${status} = True</msg>
<status status="PASS" endtime="20170925 18:59:42.359" starttime="20170925 18:59:30.796"></status>
</kw>
<msg timestamp="20170925 18:59:42.360" level="INFO">${available} = True</msg>
<status status="PASS" endtime="20170925 18:59:42.360" starttime="20170925 18:59:30.795"></status>
</kw>
<kw name="PLWEB Verify group is editable" library="plweb_admin_keywords">
<arguments>
<arg>${groupname}</arg>
<arg>${SNo}</arg>
</arguments>
<assign>
<var>${editable}</var>
</assign>
<kw name="Verify group is editable" library="plweb_actions">
<doc>methods to confirm the groups level of availability</doc>
<arguments>
<arg>${Groupname}</arg>
<arg>${SerialNumber}</arg>
</arguments>
<assign>
<var>${status}</var>
</assign>
<msg timestamp="20170925 18:59:53.671" level="INFO">${status} = True</msg>
<status status="PASS" endtime="20170925 18:59:53.671" starttime="20170925 18:59:42.362"></status>
</kw>
<msg timestamp="20170925 18:59:53.672" level="INFO">${editable} = True</msg>
<status status="PASS" endtime="20170925 18:59:53.672" starttime="20170925 18:59:42.361"></status>
</kw>
<kw name="PLWEB Verify group is deletable" library="plweb_admin_keywords">
<arguments>
<arg>${groupname}</arg>
<arg>${SNo}</arg>
</arguments>
<assign>
<var>${deletable}</var>
</assign>
<kw name="Verify group is deletable">
<arguments>
<arg>${Groupname}</arg>
<arg>${SerialNumber}</arg>
</arguments>
<assign>
<var>${status}</var>
</assign>
<msg timestamp="20170925 18:59:53.680" level="FAIL">No keyword with name 'Verify group is deletable' found. Did you mean:
    plweb_actions.Verify Groups Is Deletable
    plweb_actions.Verify Group Is Editable
    plweb_admin_keywords.PLWEB Verify Group Is Deletable</msg>
<status status="FAIL" endtime="20170925 18:59:53.680" starttime="20170925 18:59:53.679"></status>
</kw>
<status status="FAIL" endtime="20170925 18:59:53.681" starttime="20170925 18:59:53.672"></status>
</kw>
<tags>
<tag>168210</tag>
<tag>plweb</tag>
</tags>
<status status="FAIL" endtime="20170925 18:59:53.681" critical="yes" starttime="20170925 18:55:57.298">No keyword with name 'Verify group is deletable' found. Did you mean:
    plweb_actions.Verify Groups Is Deletable
    plweb_actions.Verify Group Is Editable
    plweb_admin_keywords.PLWEB Verify Group Is Deletable</status>
</test>
<kw type="teardown" name="PLWEB Close windows" library="plweb_keywords">
<kw name="Close Plweb" library="plweb_actions">
<status status="PASS" endtime="20170925 19:00:26.713" starttime="20170925 18:59:53.684"></status>
</kw>
<status status="PASS" endtime="20170925 19:00:26.714" starttime="20170925 18:59:53.683"></status>
</kw>
<doc>For Running Assets</doc>
<status status="FAIL" endtime="20170925 19:00:26.714" starttime="20170925 18:53:49.180"></status>
</suite>
<status status="FAIL" endtime="20170925 19:00:26.718" starttime="20170925 18:53:49.112"></status>
</suite>
<statistics>
<total>
<stat fail="1" pass="0">Critical Tests</stat>
<stat fail="1" pass="0">All Tests</stat>
</total>
<tag>
<stat fail="1" pass="0">168210</stat>
<stat fail="1" pass="0">plweb</stat>
</tag>
<suite>
<stat fail="1" id="s1" name="Test Suite" pass="0">Test Suite</stat>
<stat fail="1" id="s1-s1" name="FC ProductStructures" pass="0">Test Suite.FC ProductStructures</stat>
</suite>
</statistics>
<errors>
<msg timestamp="20170925 18:55:36.859" level="ERROR">'WebDriver' object has no attribute 'switch_to'</msg>
<msg timestamp="20170925 18:55:39.903" level="ERROR">'bool' object has no attribute 'text'</msg>
<msg timestamp="20170925 18:55:42.956" level="ERROR">'bool' object has no attribute 'text'</msg>
<msg timestamp="20170925 18:55:42.957" level="ERROR">'WebDriver' object has no attribute 'switch_to'</msg>
<msg timestamp="20170925 18:55:45.985" level="ERROR">'bool' object has no attribute 'text'</msg>
<msg timestamp="20170925 18:55:49.019" level="ERROR">'bool' object has no attribute 'text'</msg>
<msg timestamp="20170925 18:55:49.019" level="ERROR">'WebDriver' object has no attribute 'switch_to'</msg>
<msg timestamp="20170925 18:55:52.038" level="ERROR">'bool' object has no attribute 'text'</msg>
<msg timestamp="20170925 18:55:55.069" level="ERROR">'bool' object has no attribute 'text'</msg>
<msg timestamp="20170925 18:57:06.911" level="ERROR">Error while Clicking //*[@inner-html-text='data[val.attribute]']</msg>
<msg timestamp="20170925 18:57:06.911" level="ERROR">Error information 'bool' object has no attribute 'click'</msg>
<msg timestamp="20170925 18:57:13.507" level="ERROR">Error while Clicking .//*[@onclick="window.customConfirm.ok()"]</msg>
<msg timestamp="20170925 18:57:13.508" level="ERROR">Error information 'bool' object has no attribute 'click'</msg>
<msg timestamp="20170925 18:57:24.150" level="ERROR">Error while Clicking //*[@inner-html-text='data[val.attribute]']</msg>
<msg timestamp="20170925 18:57:24.151" level="ERROR">Error information 'bool' object has no attribute 'click'</msg>
<msg timestamp="20170925 18:57:30.731" level="ERROR">Error while Clicking .//*[@onclick="window.customConfirm.ok()"]</msg>
<msg timestamp="20170925 18:57:30.732" level="ERROR">Error information 'bool' object has no attribute 'click'</msg>
<msg timestamp="20170925 18:57:38.044" level="ERROR">Error while Clicking .//*[text()='Next&gt;&gt;']</msg>
<msg timestamp="20170925 18:57:38.045" level="ERROR">Error information Message: u'unknown error: Element &lt;button ng-disabled="handleNextButon" ng-if="showhideCreate == \'showNext\'" ng-click="generateSelectedAssets()" class="cat-btn cat-btn-primary ng-binding ng-scope"&gt;...&lt;/button&gt; is not clickable at point (909, 197). Other element would receive the click: &lt;div id="customAlert-overlay" style="display: block;"&gt;&lt;/div&gt;\n  (Session info: chrome=60.0.3112.113)\n  (Driver info: chromedriver=2.29.461591 (62ebf098771772160f391d75e589dc567915b233),platform=Windows NT 6.1.7601 SP1 x86_64)' </msg>
<msg timestamp="20170925 18:57:43.316" level="ERROR">Error while Clicking //*[@id="pageNavigatorsTop"]//*[@id="rightSideNav"]/button[3]</msg>
<msg timestamp="20170925 18:57:43.317" level="ERROR">Error information Message: u'unknown error: Element &lt;button ng-disabled="handleNextButon" ng-if="showhideCreate == \'showNext\'" ng-click="generateSelectedAssets()" class="cat-btn cat-btn-primary ng-binding ng-scope"&gt;...&lt;/button&gt; is not clickable at point (909, 197). Other element would receive the click: &lt;div id="customAlert-overlay" style="display: block;"&gt;&lt;/div&gt;\n  (Session info: chrome=60.0.3112.113)\n  (Driver info: chromedriver=2.29.461591 (62ebf098771772160f391d75e589dc567915b233),platform=Windows NT 6.1.7601 SP1 x86_64)' </msg>
<msg timestamp="20170925 18:57:48.558" level="ERROR">'WebDriver' object has no attribute 'switch_to'</msg>
<msg timestamp="20170925 18:59:18.060" level="ERROR">Error while Clicking .//*[@ng-click='createSelectedAssets()']</msg>
<msg timestamp="20170925 18:59:18.061" level="ERROR">Error information 'bool' object has no attribute 'click'</msg>
<msg timestamp="20170925 18:59:23.127" level="ERROR">'WebDriver' object has no attribute 'switch_to'</msg>
<msg timestamp="20170925 18:59:25.913" level="ERROR">Error while Clicking .//*[@onclick="window.customAlert.ok()"]</msg>
<msg timestamp="20170925 18:59:25.914" level="ERROR">Error information Message: u'element not visible\n  (Session info: chrome=60.0.3112.113)\n  (Driver info: chromedriver=2.29.461591 (62ebf098771772160f391d75e589dc567915b233),platform=Windows NT 6.1.7601 SP1 x86_64)' </msg>
</errors>
</robot>
