<?xml version="1.0" encoding="UTF-8"?>
<robot generated="20170925 18:45:01.613" generator="Robot 3.0.2 (Python 2.7.11 on win32)">
<suite source="C:\Users\antons\Desktop\Robot\Solomon\Robot_proj_solomon\Test_Suite" id="s1" name="Test Suite">
<suite source="C:\Users\antons\Desktop\Robot\Solomon\Robot_proj_solomon\Test_Suite\FC_ProductStructures.robot" id="s1-s1" name="FC ProductStructures">
<kw type="setup" name="PLWEB Login" library="plweb_keywords">
<doc>Log in to plweb with all inputs</doc>
<kw name="PLWEB Login as user with username url and password and asset" library="plweb_actions">
<doc>Initialization function for PL Web.</doc>
<arguments>
<arg>${URL}</arg>
<arg>${USER}</arg>
<arg>${PSWD}</arg>
<arg>${ASSETID}</arg>
</arguments>
<msg timestamp="20170925 18:46:33.009" level="ERROR">'WebDriver' object has no attribute 'switch_to'</msg>
<msg timestamp="20170925 18:46:36.035" level="ERROR">'bool' object has no attribute 'text'</msg>
<msg timestamp="20170925 18:46:39.112" level="ERROR">'bool' object has no attribute 'text'</msg>
<msg timestamp="20170925 18:46:39.113" level="ERROR">'WebDriver' object has no attribute 'switch_to'</msg>
<msg timestamp="20170925 18:46:42.178" level="ERROR">'bool' object has no attribute 'text'</msg>
<msg timestamp="20170925 18:46:45.211" level="ERROR">'bool' object has no attribute 'text'</msg>
<msg timestamp="20170925 18:46:45.212" level="ERROR">'WebDriver' object has no attribute 'switch_to'</msg>
<msg timestamp="20170925 18:46:48.243" level="ERROR">'bool' object has no attribute 'text'</msg>
<msg timestamp="20170925 18:46:51.307" level="ERROR">'bool' object has no attribute 'text'</msg>
<status status="PASS" endtime="20170925 18:46:53.538" starttime="20170925 18:45:04.073"></status>
</kw>
<status status="PASS" endtime="20170925 18:46:53.539" starttime="20170925 18:45:04.073"></status>
</kw>
<test id="s1-s1-t1" name="TC 168210 Home Page_004_xP_Fleet view_Group">
<kw name="PLWEB Navigate to Product Structures page" library="plweb_admin_keywords">
<kw name="PLWEB Go to Product Structures" library="plweb_actions">
<doc>Method to navigate to product structures page</doc>
<assign>
<var>${status}</var>
</assign>
<msg timestamp="20170925 18:47:02.380" level="INFO">${status} = None</msg>
<status status="PASS" endtime="20170925 18:47:02.380" starttime="20170925 18:46:53.541"></status>
</kw>
<kw name="Log To Console" library="BuiltIn">
<doc>Logs the given message to the console.</doc>
<arguments>
<arg>${status}</arg>
</arguments>
<status status="PASS" endtime="20170925 18:47:02.382" starttime="20170925 18:47:02.381"></status>
</kw>
<status status="PASS" endtime="20170925 18:47:02.382" starttime="20170925 18:46:53.541"></status>
</kw>
<kw name="PLWEB Create product Structure" library="plweb_admin_keywords">
<assign>
<var>${SNo}</var>
</assign>
<kw name="PLWEB Create A Complex Asset" library="plweb_actions">
<doc>Method to create a complex asset</doc>
<assign>
<var>${Sno}</var>
</assign>
<msg timestamp="20170925 18:48:10.128" level="ERROR">Error while Clicking .//*[@onclick="window.customConfirm.ok()"]</msg>
<msg timestamp="20170925 18:48:10.129" level="ERROR">Error information 'bool' object has no attribute 'click'</msg>
<msg timestamp="20170925 18:48:26.956" level="ERROR">Error while Clicking .//*[@onclick="window.customConfirm.ok()"]</msg>
<msg timestamp="20170925 18:48:26.956" level="ERROR">Error information 'bool' object has no attribute 'click'</msg>
<msg timestamp="20170925 18:49:06.104" level="ERROR">'WebDriver' object has no attribute 'switch_to'</msg>
<msg timestamp="20170925 18:49:09.180" level="ERROR">'bool' object has no attribute 'text'</msg>
<msg timestamp="20170925 18:49:12.259" level="ERROR">'bool' object has no attribute 'text'</msg>
<msg timestamp="20170925 18:49:12.360" level="INFO">${Sno} = paset_18:47</msg>
<status status="PASS" endtime="20170925 18:49:12.360" starttime="20170925 18:47:02.383"></status>
</kw>
<msg timestamp="20170925 18:49:12.361" level="INFO">${SNo} = paset_18:47</msg>
<status status="PASS" endtime="20170925 18:49:12.361" starttime="20170925 18:47:02.383"></status>
</kw>
<kw name="PLWEB Navigate to Groups Page" library="plweb_admin_keywords">
<kw name="PLWEB Go to Groups Page" library="plweb_actions">
<doc>Method to initialize the Product Link Web page.</doc>
<msg timestamp="20170925 18:49:17.060" level="INFO">Initialization of PLWeb is Successful!!</msg>
<status status="PASS" endtime="20170925 18:49:17.060" starttime="20170925 18:49:12.362"></status>
</kw>
<kw name="Log To Console" library="BuiltIn">
<doc>Logs the given message to the console.</doc>
<arguments>
<arg>PLWEB Navigate to Groups Page</arg>
</arguments>
<status status="PASS" endtime="20170925 18:49:17.061" starttime="20170925 18:49:17.061"></status>
</kw>
<status status="PASS" endtime="20170925 18:49:17.062" starttime="20170925 18:49:12.362"></status>
</kw>
<kw name="PLWEB Create Admin Group" library="plweb_admin_keywords">
<arguments>
<arg>${SNo}</arg>
</arguments>
<assign>
<var>${groupname}</var>
</assign>
<kw name="Create Admin Group" library="plweb_actions">
<doc>Methods to create a new group in plweb</doc>
<arguments>
<arg>${Sno}</arg>
</arguments>
<assign>
<var>${Groupname}</var>
</assign>
<msg timestamp="20170925 18:50:23.173" level="ERROR">'WebDriver' object has no attribute 'switch_to'</msg>
<msg timestamp="20170925 18:50:26.245" level="ERROR">'bool' object has no attribute 'text'</msg>
<msg timestamp="20170925 18:50:29.266" level="ERROR">'bool' object has no attribute 'text'</msg>
<msg timestamp="20170925 18:50:29.267" level="INFO">${Groupname} = saset_18:49</msg>
<status status="PASS" endtime="20170925 18:50:29.267" starttime="20170925 18:49:17.064"></status>
</kw>
<msg timestamp="20170925 18:50:29.268" level="INFO">${groupname} = saset_18:49</msg>
<status status="PASS" endtime="20170925 18:50:29.268" starttime="20170925 18:49:17.063"></status>
</kw>
<kw name="PLWEB Navigate to Groups Page" library="plweb_admin_keywords">
<kw name="PLWEB Go to Groups Page" library="plweb_actions">
<doc>Method to initialize the Product Link Web page.</doc>
<msg timestamp="20170925 18:50:33.851" level="INFO">Initialization of PLWeb is Successful!!</msg>
<status status="PASS" endtime="20170925 18:50:33.851" starttime="20170925 18:50:29.269"></status>
</kw>
<kw name="Log To Console" library="BuiltIn">
<doc>Logs the given message to the console.</doc>
<arguments>
<arg>PLWEB Navigate to Groups Page</arg>
</arguments>
<status status="PASS" endtime="20170925 18:50:33.853" starttime="20170925 18:50:33.852"></status>
</kw>
<status status="PASS" endtime="20170925 18:50:33.854" starttime="20170925 18:50:29.269"></status>
</kw>
<kw name="PLWEB Verify groups availability" library="plweb_admin_keywords">
<arguments>
<arg>${groupname}</arg>
<arg>${SNo}</arg>
</arguments>
<assign>
<var>${available}</var>
</assign>
<kw name="Verify groups availability" library="plweb_actions">
<doc>methods to confirm the groups level of availability</doc>
<arguments>
<arg>${Groupname}</arg>
<arg>${SerialNumber}</arg>
</arguments>
<assign>
<var>${status}</var>
</assign>
<msg timestamp="20170925 18:50:44.300" level="INFO">${status} = True</msg>
<status status="PASS" endtime="20170925 18:50:44.300" starttime="20170925 18:50:33.856"></status>
</kw>
<msg timestamp="20170925 18:50:44.301" level="INFO">${available} = True</msg>
<status status="PASS" endtime="20170925 18:50:44.301" starttime="20170925 18:50:33.854"></status>
</kw>
<kw name="PLWEB Verify group is editable" library="plweb_admin_keywords">
<arguments>
<arg>${groupname}</arg>
<arg>${SNo}</arg>
</arguments>
<assign>
<var>${editable}</var>
</assign>
<kw name="Verify group is editable" library="plweb_actions">
<doc>methods to confirm the groups level of availability</doc>
<arguments>
<arg>${Groupname}</arg>
<arg>${SerialNumber}</arg>
</arguments>
<assign>
<var>${status}</var>
</assign>
<msg timestamp="20170925 18:50:55.843" level="INFO">${status} = True</msg>
<status status="PASS" endtime="20170925 18:50:55.844" starttime="20170925 18:50:44.303"></status>
</kw>
<msg timestamp="20170925 18:50:55.845" level="INFO">${editable} = True</msg>
<status status="PASS" endtime="20170925 18:50:55.845" starttime="20170925 18:50:44.302"></status>
</kw>
<kw name="PLWEB Verify group is deletable" library="plweb_admin_keywords">
<arguments>
<arg>${groupname}</arg>
<arg>${SNo}</arg>
</arguments>
<assign>
<var>${deletable}</var>
</assign>
<kw name="Verify group is deletable">
<arguments>
<arg>${Groupname}</arg>
<arg>${SerialNumber}</arg>
</arguments>
<assign>
<var>${status}</var>
</assign>
<msg timestamp="20170925 18:50:55.853" level="FAIL">No keyword with name 'Verify group is deletable' found. Did you mean:
    plweb_actions.Verify Groups Is Deletable
    plweb_actions.Verify Group Is Editable
    plweb_admin_keywords.PLWEB Verify Group Is Deletable</msg>
<status status="FAIL" endtime="20170925 18:50:55.853" starttime="20170925 18:50:55.853"></status>
</kw>
<status status="FAIL" endtime="20170925 18:50:55.854" starttime="20170925 18:50:55.845"></status>
</kw>
<tags>
<tag>168210</tag>
<tag>plweb</tag>
</tags>
<status status="FAIL" endtime="20170925 18:50:55.854" critical="yes" starttime="20170925 18:46:53.539">No keyword with name 'Verify group is deletable' found. Did you mean:
    plweb_actions.Verify Groups Is Deletable
    plweb_actions.Verify Group Is Editable
    plweb_admin_keywords.PLWEB Verify Group Is Deletable</status>
</test>
<kw type="teardown" name="PLWEB Close windows" library="plweb_keywords">
<kw name="Close Plweb" library="plweb_actions">
<status status="PASS" endtime="20170925 18:51:30.892" starttime="20170925 18:50:55.856"></status>
</kw>
<status status="PASS" endtime="20170925 18:51:30.893" starttime="20170925 18:50:55.856"></status>
</kw>
<doc>For Running Assets</doc>
<status status="FAIL" endtime="20170925 18:51:30.893" starttime="20170925 18:45:02.777"></status>
</suite>
<status status="FAIL" endtime="20170925 18:51:30.897" starttime="20170925 18:45:02.706"></status>
</suite>
<statistics>
<total>
<stat fail="1" pass="0">Critical Tests</stat>
<stat fail="1" pass="0">All Tests</stat>
</total>
<tag>
<stat fail="1" pass="0">168210</stat>
<stat fail="1" pass="0">plweb</stat>
</tag>
<suite>
<stat fail="1" id="s1" name="Test Suite" pass="0">Test Suite</stat>
<stat fail="1" id="s1-s1" name="FC ProductStructures" pass="0">Test Suite.FC ProductStructures</stat>
</suite>
</statistics>
<errors>
<msg timestamp="20170925 18:46:33.009" level="ERROR">'WebDriver' object has no attribute 'switch_to'</msg>
<msg timestamp="20170925 18:46:36.035" level="ERROR">'bool' object has no attribute 'text'</msg>
<msg timestamp="20170925 18:46:39.112" level="ERROR">'bool' object has no attribute 'text'</msg>
<msg timestamp="20170925 18:46:39.113" level="ERROR">'WebDriver' object has no attribute 'switch_to'</msg>
<msg timestamp="20170925 18:46:42.178" level="ERROR">'bool' object has no attribute 'text'</msg>
<msg timestamp="20170925 18:46:45.211" level="ERROR">'bool' object has no attribute 'text'</msg>
<msg timestamp="20170925 18:46:45.212" level="ERROR">'WebDriver' object has no attribute 'switch_to'</msg>
<msg timestamp="20170925 18:46:48.243" level="ERROR">'bool' object has no attribute 'text'</msg>
<msg timestamp="20170925 18:46:51.307" level="ERROR">'bool' object has no attribute 'text'</msg>
<msg timestamp="20170925 18:48:10.128" level="ERROR">Error while Clicking .//*[@onclick="window.customConfirm.ok()"]</msg>
<msg timestamp="20170925 18:48:10.129" level="ERROR">Error information 'bool' object has no attribute 'click'</msg>
<msg timestamp="20170925 18:48:26.956" level="ERROR">Error while Clicking .//*[@onclick="window.customConfirm.ok()"]</msg>
<msg timestamp="20170925 18:48:26.956" level="ERROR">Error information 'bool' object has no attribute 'click'</msg>
<msg timestamp="20170925 18:49:06.104" level="ERROR">'WebDriver' object has no attribute 'switch_to'</msg>
<msg timestamp="20170925 18:49:09.180" level="ERROR">'bool' object has no attribute 'text'</msg>
<msg timestamp="20170925 18:49:12.259" level="ERROR">'bool' object has no attribute 'text'</msg>
<msg timestamp="20170925 18:50:23.173" level="ERROR">'WebDriver' object has no attribute 'switch_to'</msg>
<msg timestamp="20170925 18:50:26.245" level="ERROR">'bool' object has no attribute 'text'</msg>
<msg timestamp="20170925 18:50:29.266" level="ERROR">'bool' object has no attribute 'text'</msg>
</errors>
</robot>
